_id,name,description,difficultyLevel,duration,bestTimeToDo,labels[0].id,notes,createdAt,updatedAt
68f449db5ddb2890d78480c8,Scuba Diving,"Discover the vibrant underwater world of the Andamans with a guided scuba dive at coral reefs around Port Blair. Encounter colorful fish, sea turtles, and coral gardens in crystal-clear waters, making it a must-do adventure for both beginners and enthusiasts.",,,October to April,68e5e54021c4af9b4a754986,"State: Andaman and Nicobar Islands, City: Port Blair",2025-10-19T02:15:55.815Z,2025-10-19T02:15:55.815Z
68f449db5ddb2890d78480c9,Semi-Submarine Reef Cruise,Embark on a semi-submarine cruise from Port Blair and view coral reefs through large underwater windows. It’s a mesmerizing way to witness marine life without getting wet — perfect for families and non-swimmers.,,,October to April,68e5e54021c4af9b4a754987,"State: Andaman and Nicobar Islands, City: Havelock Island (Swaraj Dweep)",2025-10-19T02:15:55.815Z,2025-10-19T02:15:55.815Z
68f449db5ddb2890d78480ca,Glass-Bottom Boat Ride,"Enjoy a glass-bottom boat ride around Port Blair’s clear waters, offering a window into the mesmerizing world of corals and colorful fish. It’s an ideal family-friendly marine adventure for all ages.",,,October to May,68e5e54021c4af9b4a754987,"State: Andaman and Nicobar Islands, City: Neil Island (Shaheed Dweep)",2025-10-19T02:15:55.815Z,2025-10-19T02:15:55.815Z
68f449db5ddb2890d78480cb,Dolphin Glass-Bottom Cruise,Enjoy a scenic marine cruise from Port Blair with opportunities to spot playful dolphins and view coral reefs through glass panels. It’s a relaxing blend of sightseeing and ocean discovery.,,,October to April,68e5e54021c4af9b4a754987,"State: Andaman and Nicobar Islands, City: Diglipur",2025-10-19T02:15:55.815Z,2025-10-19T02:15:55.815Z
68f449db5ddb2890d78480cc,Game Fishing Excursion,Enjoy a thrilling fishing adventure from Diglipur’s serene coastline. Venture into the open sea with expert guidance to catch tropical species while soaking in views of untouched island beauty.,,,November to March,68d90c36fc0c58520c6cf20d,"State: Andaman and Nicobar Islands, City: Rangat",2025-10-19T02:15:55.815Z,2025-10-19T02:15:55.815Z
68f44ae7e7a0fc520030fb69,Snorkeling at North Bay,"Enjoy snorkeling at North Bay Island near Port Blair, where shallow reefs reveal vibrant coral gardens and tropical fish. The easy access and guided sessions make it one of the most popular marine experiences in the region.",,,October to May,68d90c36fc0c58520c6cf20d,"State: Andaman and Nicobar Islands, City: Port Blair",2025-10-19T02:20:23.499Z,2025-10-19T02:20:23.499Z
68f44ae7e7a0fc520030fb6a,Scuba Diving,"Experience serene underwater exploration at Neil Island, known for its calm waters and vibrant reefs. Guided dives reveal a magical world of tropical fish and coral formations in a peaceful island setting.",,,October to April,68d90c36fc0c58520c6cf20d,"State: Andaman and Nicobar Islands, City: Neil Island (Shaheed Dweep)",2025-10-19T02:20:23.499Z,2025-10-19T02:20:23.499Z
68f44ae7e7a0fc520030fb6b,Jet Ski & Bumper Ride,Feel the rush of adrenaline with jet ski and bumper rides along Port Blair’s scenic beaches. These short but thrilling sessions are perfect for adding a dose of fun to your coastal getaway.,,,October to May,68d90c36fc0c58520c6cf20d,"State: Andaman and Nicobar Islands, City: Port Blair",2025-10-19T02:20:23.499Z,2025-10-19T02:20:23.499Z
68f44ae7e7a0fc520030fb6c,Yoga Retreat,Find inner peace through yoga and meditation on Neil Island’s tranquil beaches. Guided sessions offer a blend of physical wellness and island serenity in a rejuvenating natural setting.,,,November to March,68f1c03170888f8a3ddf2efc,"State: Andaman and Nicobar Islands, City: Neil Island (Shaheed Dweep)",2025-10-19T02:20:23.499Z,2025-10-19T02:20:23.499Z
68f44ae7e7a0fc520030fb6d,Snorkeling at Elephant Beach,"Float above stunning coral reefs at Elephant Beach, where clear waters and colorful marine life make snorkeling a joy. With simple gear and calm waves, it’s an ideal experience for families and first-timers.",,,October to May,68d90c36fc0c58520c6cf20d,"State: Andaman and Nicobar Islands, City: Havelock Island (Swaraj Dweep)",2025-10-19T02:20:23.499Z,2025-10-19T02:20:23.499Z
68f44ae7e7a0fc520030fb6e,Glass-Bottom Boat Ride,Glide over coral reefs on a glass-bottom boat at Havelock Island. Watch marine life swim beneath your feet through clear panels — a safe and exciting way to explore the ocean without getting wet.,,,October to May,68e5e54021c4af9b4a754987,"State: Andaman and Nicobar Islands, City: Havelock Island (Swaraj Dweep)",2025-10-19T02:20:23.500Z,2025-10-19T02:20:23.500Z
68f44ae7e7a0fc520030fb6f,Birdwatching & Wildlife Safari,Join a guided beach walk at Cuthbert Bay Sanctuary to witness turtle nesting and coastal wildlife. The serene environment and expert-led safari make it ideal for nature lovers and photographers.,,,December to March,68e5e54021c4af9b4a754987,"State: Andaman and Nicobar Islands, City: Cuthbert Bay Wildlife Sanctuary",2025-10-19T02:20:23.500Z,2025-10-19T02:20:23.500Z
68f44ae7e7a0fc520030fb70,Kayaking in Mangroves,"Paddle through tranquil mangrove creeks of Havelock Island on a guided kayaking tour. Choose between peaceful day rides or enchanting night tours under the starlit sky, surrounded by nature’s silence.",,,October to May,68d90c36fc0c58520c6cf20d,"State: Andaman and Nicobar Islands, City: Havelock Island (Swaraj Dweep)",2025-10-19T02:20:23.500Z,2025-10-19T02:20:23.500Z
68f44ae7e7a0fc520030fb71,Scuba Diving,Plunge into the turquoise waters of Havelock Island for an unforgettable scuba diving experience. Explore rich coral reefs teeming with marine life and enjoy expert guidance in one of India’s best diving destinations.,,,October to April,68d90c36fc0c58520c6cf20d,"State: Andaman and Nicobar Islands, City: Havelock Island (Swaraj Dweep)",2025-10-19T02:20:23.500Z,2025-10-19T02:20:23.500Z
68f44ae7e7a0fc520030fb72,Yoga Retreat,Rejuvenate your body and mind with yoga sessions at Havelock Island’s peaceful beaches. The sound of waves and tropical air create a soothing environment for relaxation and mindfulness.,,,November to March,68f1c03170888f8a3ddf2efc,"State: Andaman and Nicobar Islands, City: Havelock Island (Swaraj Dweep)",2025-10-19T02:20:23.500Z,2025-10-19T02:20:23.500Z
68f44ae7e7a0fc520030fb73,Game Fishing Excursion,"Set out from Port Blair on an exciting game fishing trip across the Andaman Sea. Cast your line in deep waters and experience the thrill of catching tuna, barracuda, or mahi-mahi amid pristine surroundings.",,,November to March,68d90c36fc0c58520c6cf20d,"State: Andaman and Nicobar Islands, City: Port Blair",2025-10-19T02:20:23.500Z,2025-10-19T02:20:23.500Z
68f44ae7e7a0fc520030fb74,Overnight Beach Camping,"Spend a magical night camping on Neil Island’s beaches under a canopy of stars. Bonfires, gentle waves, and island meals make this experience unforgettable for those who love the outdoors.",,,November to February,68e5e54021c4af9b4a754987,"State: Andaman and Nicobar Islands, City: Neil Island (Shaheed Dweep)",2025-10-19T02:20:23.500Z,2025-10-19T02:20:23.500Z
68f44ae7e7a0fc520030fb75,Sea Walking,"Step into the marine world at Neil Island with a guided sea walk. Surrounded by colorful fish and corals, this easy underwater adventure is perfect for those seeking an up-close experience with ocean life.",,,October to April,68d90c36fc0c58520c6cf20d,"State: Andaman and Nicobar Islands, City: Neil Island (Shaheed Dweep)",2025-10-19T02:20:23.500Z,2025-10-19T02:20:23.500Z
68f44ae7e7a0fc520030fb76,Sea Walking,"Take a unique underwater stroll along the sea floor at Havelock Island. Wearing a special helmet, walk among schools of fish and corals while breathing naturally — a magical experience without needing to swim or dive.",,,October to April,68d90c36fc0c58520c6cf20d,"State: Andaman and Nicobar Islands, City: Havelock Island (Swaraj Dweep)",2025-10-19T02:20:23.500Z,2025-10-19T02:20:23.500Z
68f44ae7e7a0fc520030fb77,Overnight Beach Camping,Unwind with an overnight camping experience at Cuthbert Bay’s secluded shores. Enjoy a peaceful evening by the bonfire as the sound of waves and starry skies complete the island charm.,,,November to February,68d90c36fc0c58520c6cf20d,"State: Andaman and Nicobar Islands, City: Cuthbert Bay Wildlife Sanctuary",2025-10-19T02:20:23.500Z,2025-10-19T02:20:23.500Z
68f44ae7e7a0fc520030fb78,Mangrove Walk & Boat Ride,Wander along Rangat’s wooden mangrove walkway and enjoy a short guided boat ride through winding creeks. The calm waters and lush green canopy create a refreshing eco-experience.,,,November to March,68e5e54021c4af9b4a754987,"State: Andaman and Nicobar Islands, City: Rangat",2025-10-19T02:20:23.500Z,2025-10-19T02:20:23.500Z
68f44ae7e7a0fc520030fb79,Jet Ski & Bumper Ride,"Zoom across the sparkling waters of Havelock Island on a jet ski or experience an exciting bumper ride. These quick adventures promise fun, laughter, and sea spray under the tropical sun.",,,October to May,68d90c36fc0c58520c6cf20d,"State: Andaman and Nicobar Islands, City: Havelock Island (Swaraj Dweep)",2025-10-19T02:20:23.500Z,2025-10-19T02:20:23.500Z
68f44ae7e7a0fc520030fb7a,Beach Water Sports,"Dive into adventure at Visakhapatnam’s RK Beach with exciting water sports like jet skiing, parasailing, and banana boat rides. The golden sands and sparkling Bay of Bengal make it the perfect setting for a day of fun and thrill by the sea.",,,October to May,68d90c36fc0c58520c6cf20d,"State: Andhra Pradesh, City: Visakhapatnam",2025-10-19T02:20:23.500Z,2025-10-19T02:20:23.500Z
68f44ae7e7a0fc520030fb7b,Flamingo Birding Tour,Embark on a guided birding tour through Nellore’s wetlands to witness flocks of flamingos and other migratory species. This peaceful nature experience is perfect for wildlife photographers and bird enthusiasts alike.,,,November to March,68e5e54021c4af9b4a754987,"State: Andhra Pradesh, City: Nellore",2025-10-19T02:20:23.500Z,2025-10-19T02:20:23.500Z
68f44ae7e7a0fc520030fb7c,Vijayawada River Cruise,"Enjoy a peaceful cruise along the Krishna River in Vijayawada, passing scenic ghats and temples. The ride offers a relaxing perspective of the city and its riverfront, ideal for evening sightseeing or family outings.",,,October to March,68f389c75b1a905ca48c898e,"State: Andhra Pradesh, City: Vijayawada",2025-10-19T02:20:23.500Z,2025-10-19T02:20:23.500Z
68f44ae7e7a0fc520030fb7d,Prakasam Barrage Water Sports,"Experience adventure on the Krishna River near Prakasam Barrage with activities like kayaking, paddle boating, and speedboat rides. It’s a refreshing way to combine thrill and scenic views in the heart of Vijayawada.",,,October to May,68e5e54021c4af9b4a754986,"State: Andhra Pradesh, City: Vijayawada",2025-10-19T02:20:23.500Z,2025-10-19T02:20:23.500Z
68f44ae7e7a0fc520030fb7e,Mangrove Safari,Explore the Coringa Wildlife Sanctuary near Kakinada on a motorboat safari through dense mangrove forests. Spot migratory birds and rare aquatic life as you glide through the tranquil waterways of this eco-rich habitat.,,,November to March,68e5e54021c4af9b4a754987,"State: Andhra Pradesh, City: Kakinada",2025-10-19T02:20:23.500Z,2025-10-19T02:20:23.500Z
68f44ae7e7a0fc520030fb7f,Scuba Diving,"Explore the underwater world off Rushikonda Beach through guided scuba diving sessions. Encounter colorful corals and marine life as you dive into the serene blue waters of the Bay of Bengal, perfect for beginners and enthusiasts alike.",,,October to April,68d90c36fc0c58520c6cf20d,"State: Andhra Pradesh, City: Visakhapatnam",2025-10-19T02:20:23.500Z,2025-10-19T02:20:23.500Z
68f44ae7e7a0fc520030fb80,Yoga & Ayurveda Day Retreat,"Rejuvenate body and mind at a serene day retreat in Visakhapatnam. Enjoy guided yoga sessions, meditation, and traditional Ayurvedic massages designed to restore balance and inner peace by the sea.",,,Year-round,68f1c03170888f8a3ddf2efc,"State: Andhra Pradesh, City: Visakhapatnam",2025-10-19T02:20:23.500Z,2025-10-19T02:20:23.500Z
68f44ae7e7a0fc520030fb81,Godavari Houseboat Cruise,"Set sail on the tranquil waters of the Godavari River aboard a scenic houseboat. Whether for a day trip or overnight stay, the cruise offers serene landscapes, delicious local cuisine, and glimpses of village life along the riverbanks.",,,October to March,68f389c75b1a905ca48c898e,"State: Andhra Pradesh, City: Rajahmundry",2025-10-19T02:20:23.500Z,2025-10-19T02:20:23.500Z
68f44ae7e7a0fc520030fb82,Beach Camping,"Spend a starry night on Srikakulam’s pristine beaches with a cozy tent stay, bonfire, and local seafood dinner. The gentle sea breeze and rhythmic waves create the perfect coastal escape for nature lovers.",,,November to February,68e5e54021c4af9b4a754987,"State: Andhra Pradesh, City: Srikakulam",2025-10-19T02:20:23.500Z,2025-10-19T02:20:23.500Z
68f44ae7e7a0fc520030fb83,Borra Caves Entry & Guide,"Step into the ancient limestone Borra Caves and discover fascinating stalactite and stalagmite formations illuminated by soft lights. A professional guide reveals the cave’s myths, geology, and natural beauty hidden deep in the Araku Valley hills.",,,October to March,68e5e54021c4af9b4a754987,"State: Andhra Pradesh, City: Visakhapatnam",2025-10-19T02:20:23.500Z,2025-10-19T02:20:23.500Z
68f44ae7e7a0fc520030fb84,Adventure Park Entry,"Test your limits at Rajahmundry’s adventure park featuring rope courses, wall climbing, and ziplines. The park offers fun-filled challenges for all ages in a lush riverside setting, perfect for families and groups.",,,October to May,68d90c36fc0c58520c6cf20d,"State: Andhra Pradesh, City: Rajahmundry",2025-10-19T02:20:23.501Z,2025-10-19T02:20:23.501Z
68f44ae7e7a0fc520030fb85,Hill Trekking at Horsley Hills,"Trek through the scenic Horsley Hills near Chittoor, surrounded by lush forests and panoramic valley views. The cool climate and well-marked trails make it a rewarding experience for both beginners and seasoned hikers.",,,October to April,68d90c36fc0c58520c6cf20d,"State: Andhra Pradesh, City: Chittoor",2025-10-19T02:20:23.501Z,2025-10-19T02:20:23.501Z
68f44ae7e7a0fc520030fb86,Heritage Walking Tour,"Uncover the cultural charm of Tirupati through a guided heritage walk covering ancient temples, local markets, and traditional craft villages. The tour offers a meaningful glimpse into the town’s spiritual and artistic heritage beyond its famous shrine.",,,October to March,68e5e54021c4af9b4a754983,"State: Andhra Pradesh, City: Tirupati",2025-10-19T02:20:23.501Z,2025-10-19T02:20:23.501Z
68f44ae7e7a0fc520030fb87,Amaravati Stupa Cultural Walk,"Walk through the historic Amaravati Stupa complex with a knowledgeable guide, exploring its Buddhist relics and ancient carvings. The serene atmosphere and river backdrop make it a deeply spiritual and educational experience.",,,October to March,68e5e54021c4af9b4a754986,"State: Andhra Pradesh, City: Amaravati",2025-10-19T02:20:23.501Z,2025-10-19T02:20:23.501Z
68f44ae7e7a0fc520030fb88,River Angling Expedition,Cast your line into the clear waters of the Siyom and Sipu rivers on a guided angling expedition. The tranquil surroundings and abundant fish species make this a perfect getaway for nature and adventure enthusiasts.,,,November to March,68f389c75b1a905ca48c898e,"State: Arunachal Pradesh, City: Along (Aalo)",2025-10-19T02:20:23.501Z,2025-10-19T02:20:23.501Z
68f44ae7e7a0fc520030fb89,City Cycling Tour,"Cycle through Naharlagun’s scenic routes that weave between town streets and lush countryside. This guided tour offers a refreshing way to explore everyday life, local markets, and hilly surroundings.",,,October to March,68f389c75b1a905ca48c898e,"State: Arunachal Pradesh, City: Naharlagun",2025-10-19T02:20:23.501Z,2025-10-19T02:20:23.501Z
68f44ae7e7a0fc520030fb8a,Heritage Walking Tour,"Discover the rich cultural heritage of Itanagar on a guided walking tour through its ancient fort ruins and state museum. The experience offers insights into tribal history, traditional architecture, and the evolving story of Arunachal’s capital city.",,,October to March,68e5e54021c4af9b4a754983,"State: Arunachal Pradesh, City: Itanagar",2025-10-19T02:20:23.501Z,2025-10-19T02:20:23.501Z
68f44ae7e7a0fc520030fb8b,Sela Pass Snow Safari,"Embark on an exhilarating 4×4 snow safari through the breathtaking Sela Pass region. The guided ride takes travelers across frozen lakes and dramatic snowfields, offering a rare opportunity to experience the high-altitude beauty of the Eastern Himalayas.",,,November to April,68f389c75b1a905ca48c898e,"State: Arunachal Pradesh, City: Tawang",2025-10-19T02:20:23.501Z,2025-10-19T02:20:23.501Z
68f44ae7e7a0fc520030fb8c,White-Water Rafting,"Enjoy an exciting white-water rafting session on the Siyom River near Aalo. Surrounded by forested hills and tribal villages, the experience blends scenic tranquility with a dash of adventure.",,,November to March,68d90c36fc0c58520c6cf20d,"State: Arunachal Pradesh, City: Along (Aalo)",2025-10-19T02:20:23.501Z,2025-10-19T02:20:23.501Z
68f44ae7e7a0fc520030fb8d,Tawang Ropeway Cable Car,"Glide above the picturesque Tawang valley on a scenic ropeway that connects the town with its famous monastery. The ride offers stunning aerial views of snow-capped peaks, colorful prayer flags, and serene landscapes that define Arunachal’s mountain charm.",,,April to November,68d90c36fc0c58520c6cf20d,"State: Arunachal Pradesh, City: Tawang",2025-10-19T02:20:23.501Z,2025-10-19T02:20:23.501Z
68f44ae7e7a0fc520030fb8e,Tribal Festival Tours,"Immerse yourself in the vibrant traditions of Aalo during festivals like Mopin and Yomgo. The cultural tours showcase local dance, music, and rituals that celebrate community spirit and tribal identity.",,,March to April,68e5e54021c4af9b4a754986,"State: Arunachal Pradesh, City: Along (Aalo)",2025-10-19T02:20:23.501Z,2025-10-19T02:20:23.501Z
68f44ae7e7a0fc520030fb8f,Ziro Valley Music Festival Pass,"Join the iconic Ziro Music Festival, where independent artists perform amid scenic rice fields and misty hills. The multi-day event combines music, camping, and local culture for an unforgettable celebration of art and nature.",,,October,68e5e54021c4af9b4a754986,"State: Arunachal Pradesh, City: Ziro",2025-10-19T02:20:23.501Z,2025-10-19T02:20:23.501Z
68f44ae7e7a0fc520030fb90,Siang River Rafting,"Navigate thrilling Grade III–IV rapids on the mighty Siang River in Pasighat. Surrounded by lush forests and tribal villages, this rafting adventure offers both adrenaline and awe-inspiring Himalayan scenery.",,,November to March,68e5e54021c4af9b4a754987,"State: Arunachal Pradesh, City: Pasighat",2025-10-19T02:20:23.501Z,2025-10-19T02:20:23.501Z
68f44ae7e7a0fc520030fb91,Ziro Valley Cycling Expedition,"Pedal through the enchanting landscapes of Ziro Valley, passing rice fields, pine groves, and Apatani tribal villages. This guided cycling experience blends adventure with culture, showcasing the valley’s pristine beauty and traditional way of life.",,,October to March,68d90c36fc0c58520c6cf20d,"State: Arunachal Pradesh, City: Ziro",2025-10-19T02:20:23.501Z,2025-10-19T02:20:23.501Z
68f44ae7e7a0fc520030fb92,Daying Ering Sanctuary Boat Safari,"Set out on a tranquil boat safari through Daying Ering Wildlife Sanctuary, home to migratory birds, deer, and river dolphins. The experience offers peaceful immersion in nature’s rhythm along the Siang’s backwaters.",,,November to March,68e5e54021c4af9b4a754987,"State: Arunachal Pradesh, City: Pasighat",2025-10-19T02:20:23.501Z,2025-10-19T02:20:23.501Z
68f44ae7e7a0fc520030fb93,Paragliding,Soar over Bomdila’s rolling hills and valleys on a tandem paragliding flight. The experience combines breathtaking aerial views with the thrill of free flight amid crisp mountain air and panoramic Himalayan vistas.,,,October to April,68d90c36fc0c58520c6cf20d,"State: Arunachal Pradesh, City: Bomdila",2025-10-19T02:20:23.501Z,2025-10-19T02:20:23.501Z
68f44ae7e7a0fc520030fb94,Apatani Homestay,"Stay with Apatani families in traditional bamboo homes and experience their warm hospitality, unique customs, and farm-fresh meals. This cultural stay offers deep insight into Ziro’s community-driven lifestyle and sustainable traditions.",,,October to March,68e5e54021c4af9b4a754986,"State: Arunachal Pradesh, City: Ziro",2025-10-19T02:20:23.501Z,2025-10-19T02:20:23.501Z
68f44ae7e7a0fc520030fb95,Pasighat Tea Garden Tour,Stroll through picturesque tea gardens in Pasighat and learn about Assam-style tea cultivation. The tour concludes with a tasting session where you can savor the region’s fresh and aromatic brews.,,,October to March,68f1c03170888f8a3ddf2efc,"State: Arunachal Pradesh, City: Pasighat",2025-10-19T02:20:23.501Z,2025-10-19T02:20:23.501Z
68f44ae7e7a0fc520030fb96,Mehao Lake Trek & Camping,Trek through dense forests to reach the pristine Mehao Lake and spend the night camping under starry skies. This serene adventure blends natural beauty with the thrill of outdoor exploration.,,,October to April,68f1c03170888f8a3ddf2efc,"State: Arunachal Pradesh, City: Roing",2025-10-19T02:20:23.501Z,2025-10-19T02:20:23.501Z
68f44ae7e7a0fc520030fb97,Bomdila Orchid Centre Entry,"Wander through the vibrant Bomdila Orchid Centre, home to hundreds of rare and colorful orchid species. The serene atmosphere and floral diversity make it a must-visit for nature and photography lovers.",,,October to April,68e5e54021c4af9b4a754987,"State: Arunachal Pradesh, City: Bomdila",2025-10-19T02:20:23.501Z,2025-10-19T02:20:23.501Z
68f44ae7e7a0fc520030fb98,White-Water Rafting,"Brace yourself for an adrenaline-filled rafting experience on the rapids of Haflong Hills. This adventure blends thrill and natural beauty, taking you through scenic valleys and crystal-clear hill streams.",,,October to March,68d90c36fc0c58520c6cf20d,"State: Assam, City: Haflong",2025-10-19T02:20:23.501Z,2025-10-19T02:20:23.501Z
68f44ae7e7a0fc520030fb99,Wildlife Photography Tours,"Capture the essence of Kaziranga’s wilderness on a guided wildlife photography tour. Led by experts, these safaris offer perfect opportunities to photograph rhinos, elephants, and vibrant birdlife in their natural surroundings.",,,November to April,68e5e54021c4af9b4a754987,"State: Assam, City: Kaziranga",2025-10-19T02:20:23.501Z,2025-10-19T02:20:23.501Z
68f44ae7e7a0fc520030fb9a,Tezpur Heritage Walk,"Discover Tezpur’s ancient temples, ruins, and legends on a guided heritage walk. The city’s mythology-rich landscapes and historic architecture make for an inspiring journey through Assam’s cultural roots.",,,October to March,68e5e54021c4af9b4a754983,"State: Assam, City: Tezpur",2025-10-19T02:20:23.502Z,2025-10-19T02:20:23.502Z
68f44ae7e7a0fc520030fb9b,Jeep Safari,"Embark on a thrilling jeep safari across Kaziranga National Park’s forested ranges. Ideal for wildlife lovers and photographers, this tour lets you witness elephants, rhinos, and diverse birdlife in their natural habitat under expert forest guides.",,,November to April,68d90c36fc0c58520c6cf20d,"State: Assam, City: Kaziranga",2025-10-19T02:20:23.502Z,2025-10-19T02:20:23.502Z
68f44ae7e7a0fc520030fb9c,Elephant Safari,"Experience Kaziranga’s wildlife up close on a guided elephant safari through misty grasslands. Early morning rides offer the best chance to spot the one-horned rhinoceros, wild buffalo, and deer, making it an unforgettable adventure in the heart of Assam’s wilderness.",,,November to April,68d90c36fc0c58520c6cf20d,"State: Assam, City: Kaziranga",2025-10-19T02:20:23.502Z,2025-10-19T02:20:23.502Z
68f44ae7e7a0fc520030fb9d,Heritage Cycling Tours,"Explore Sivasagar’s ancient Ahom monuments on a guided cycling tour. Pedal past grand temples, palaces, and tanks while soaking in the charm of Assam’s glorious history and rural beauty.",,,October to March,68e5e54021c4af9b4a754983,"State: Assam, City: Sivasagar",2025-10-19T02:20:23.502Z,2025-10-19T02:20:23.502Z
68f44ae7e7a0fc520030fb9e,Haflong Lake Boating,"Glide across the serene waters of Haflong Lake surrounded by rolling hills. Paddle or motorboat rides offer peaceful moments amid the region’s lush greenery and cool mountain air, perfect for a relaxing retreat.",,,October to May,68f389c75b1a905ca48c898e,"State: Assam, City: Haflong",2025-10-19T02:20:23.502Z,2025-10-19T02:20:23.502Z
68f44ae7e7a0fc520030fb9f,Pottery Workshop,Join a hands-on pottery session in Majuli and craft your own earthenware guided by local artisans. This immersive experience connects travelers to the island’s traditional craftsmanship and sustainable way of life.,,,October to March,68f389c75b1a905ca48c898e,"State: Assam, City: Majuli",2025-10-19T02:20:23.502Z,2025-10-19T02:20:23.502Z
68f44ae7e7a0fc520030fba0,Kamakhya Temple Ropeway,"Ride the scenic ropeway to Kamakhya Temple and enjoy breathtaking aerial views of the Brahmaputra River and Guwahati city. This short yet thrilling journey combines spirituality with adventure, offering a unique way to approach one of Assam’s most sacred temples.",,,Year-round,68f389c75b1a905ca48c898e,"State: Assam, City: Guwahati",2025-10-19T02:20:23.502Z,2025-10-19T02:20:23.502Z
68f44ae7e7a0fc520030fba1,Brahmaputra River Cruise,"Sail along the majestic Brahmaputra River on a sunset cruise featuring cultural music and stunning city views. The cool breeze, golden skies, and rhythmic performances make it one of Guwahati’s most romantic and serene evening experiences.",,,October to March,68e5e54021c4af9b4a754987,"State: Assam, City: Guwahati",2025-10-19T02:20:23.502Z,2025-10-19T02:20:23.502Z
68f44ae7e7a0fc520030fba2,Paragliding,Soar above the verdant hills of Haflong in an exhilarating tandem paragliding flight. The sweeping valley views and cool mountain breeze make it a must-try experience for adventure seekers visiting Assam’s only hill station.,,,October to April,68d90c36fc0c58520c6cf20d,"State: Assam, City: Haflong",2025-10-19T02:20:23.502Z,2025-10-19T02:20:23.502Z
68f44ae7e7a0fc520030fba3,Tea Garden Homestay,"Stay in a charming tea bungalow surrounded by emerald plantations in Dibrugarh. Guests can enjoy plantation walks, local cuisine, and peaceful views that reflect the timeless allure of Assam’s tea country.",,,October to March,68e5e54021c4af9b4a754987,"State: Assam, City: Dibrugarh",2025-10-19T02:20:23.502Z,2025-10-19T02:20:23.502Z
68f44ae7e7a0fc520030fba4,Tea Estate Tours,"Walk through Jorhat’s sprawling tea estates and learn the art of tea cultivation and tasting. The serene atmosphere, aromatic plantations, and guided sessions reveal Assam’s deep-rooted tea culture and heritage.",,,October to March,68f389c75b1a905ca48c898e,"State: Assam, City: Jorhat",2025-10-19T02:20:23.502Z,2025-10-19T02:20:23.502Z
68f44ae7e7a0fc520030fba5,Sattriya Dance Performance,"Witness the spiritual grace of Sattriya dance performed by monks in Majuli’s monasteries. The rhythmic storytelling, colorful attire, and devotional music offer a rare glimpse into Assam’s vibrant cultural heritage.",,,October to March,68e5e54021c4af9b4a754987,"State: Assam, City: Majuli",2025-10-19T02:20:23.502Z,2025-10-19T02:20:23.502Z
68f44ae7e7a0fc520030fba6,Ganga Dolphin Safari,Embark on an eco-friendly river safari on the Ganga to spot the endangered Gangetic dolphins near Bhagalpur. Glide across calm waters while observing these graceful creatures and the vibrant river ecosystem.,,,November to March,68e5e54021c4af9b4a754987,"State: Bihar, City: Bhagalpur",2025-10-19T02:20:23.502Z,2025-10-19T02:20:23.502Z
68f44ae7e7a0fc520030fba7,Guided Meditation Session,"Experience inner calm at Bodh Gaya, where guided meditation sessions led by monks help travelers reconnect with mindfulness. Surrounded by serene monasteries and the Mahabodhi Temple, it’s a spiritual retreat for peace and self-discovery.",,,October to March,68f1c03170888f8a3ddf2efc,"State: Bihar, City: Bodh Gaya",2025-10-19T02:20:23.502Z,2025-10-19T02:20:23.502Z
68f44ae7e7a0fc520030fba8,Camping at Rajgir Hills,"Experience the outdoors with an overnight camping stay in the tranquil Rajgir Hills. Enjoy bonfires, starlit skies, and guided nature walks, making it a rejuvenating escape for adventure and peace seekers alike.",,,October to February,68e5e54021c4af9b4a754987,"State: Bihar, City: Rajgir",2025-10-19T02:20:23.502Z,2025-10-19T02:20:23.502Z
68f44ae7e7a0fc520030fba9,Heritage Rickshaw Tour,"Explore Gaya’s sacred lanes and temples with a guided rickshaw tour. This slow-paced journey offers a close view of daily life, religious landmarks, and the city’s deep spiritual charm rooted in centuries-old traditions.",,,October to March,68e5e54021c4af9b4a754983,"State: Bihar, City: Gaya",2025-10-19T02:20:23.502Z,2025-10-19T02:20:23.502Z
68f44ae7e7a0fc520030fbaa,Patna Heritage Walking Tour,"Explore Patna’s storied past through a guided heritage walk across colonial-era landmarks, ancient temples, and museums. The tour blends architecture, culture, and history, offering visitors a deeper insight into Bihar’s vibrant capital and its legacy of empires and reformers.",,,October to March,68e5e54021c4af9b4a754987,"State: Bihar, City: Patna",2025-10-19T02:20:23.502Z,2025-10-19T02:20:23.502Z
68f44ae7e7a0fc520030fbab,International Vipassana Retreats,"Join an immersive Vipassana retreat in Bodh Gaya, where days of silence, meditation, and introspection promote deep awareness. Set in tranquil surroundings, these structured programs offer an authentic path to mental clarity and balance.",,,October to March,68f1c03170888f8a3ddf2efc,"State: Bihar, City: Bodh Gaya",2025-10-19T02:20:23.502Z,2025-10-19T02:20:23.502Z
68f44ae7e7a0fc520030fbac,Cycling Tours,"Pedal through Rajgir’s sacred hills and heritage sites on a guided cycling tour. Discover monasteries, caves, and rural landscapes while immersing yourself in the calm and spiritual ambiance of this historic town.",,,October to March,68d90c36fc0c58520c6cf20d,"State: Bihar, City: Rajgir",2025-10-19T02:20:23.502Z,2025-10-19T02:20:23.502Z
68f44ae7e7a0fc520030fbad,Rajgir Ropeway,Ride the scenic ropeway up to Vulture Peak and enjoy panoramic views of Rajgir’s hills and ancient sites. The gentle ascent offers a unique perspective of this historic Buddhist pilgrimage destination.,,,October to March,68e5e54021c4af9b4a754983,"State: Bihar, City: Rajgir",2025-10-19T02:20:23.502Z,2025-10-19T02:20:23.502Z
68f44ae7e7a0fc520030fbae,Ganga River Cruise,"Sail along the sacred Ganga at sunset for a serene glimpse of Patna’s ghats and skyline. These motorboat cruises combine spirituality and scenic beauty, creating a peaceful experience that captures the essence of river life in Bihar’s capital.",,,October to March,68f389c75b1a905ca48c898e,"State: Bihar, City: Patna",2025-10-19T02:20:23.502Z,2025-10-19T02:20:23.502Z
68f44ae7e7a0fc520030fbaf,Vaishali Circuit Heritage Tour,"Step into the pages of ancient India with a guided heritage tour across Vaishali. Visit the Ashokan Pillar, relic stupas, and excavation sites that narrate tales of democracy, Buddhism, and early civilization.",,,October to March,68e5e54021c4af9b4a754983,"State: Bihar, City: Vaishali",2025-10-19T02:20:23.502Z,2025-10-19T02:20:23.502Z
68f44ae7e7a0fc520030fbb0,Adventure Park Entry,"Unleash your adventurous side at Patna’s adventure park featuring zip-lining, rope courses, and climbing walls. Surrounded by open landscapes, it’s a great spot for families and thrill-seekers looking for outdoor fun.",,,October to May,68d90c36fc0c58520c6cf20d,"State: Bihar, City: Patna",2025-10-19T02:20:23.502Z,2025-10-19T02:20:23.502Z
68f44ae7e7a0fc520030fbb1,Nalanda Archaeological Site Audio Tour,"Walk through the ruins of Nalanda, one of the world’s oldest universities, with an informative audio guide. The tour brings ancient Buddhist scholarship to life as you explore monasteries, temples, and the on-site museum.",,,Year-round,68f389c75b1a905ca48c898e,"State: Bihar, City: Nalanda",2025-10-19T02:20:23.502Z,2025-10-19T02:20:23.502Z
68f44ae7e7a0fc520030fbb2,Litchi Garden Walks,"Wander through lush litchi orchards in Muzaffarpur during harvest season. Enjoy guided farm tours, learn about cultivation, and indulge in fresh fruit tastings amidst fragrant plantations known across India for their sweetness.",,,May to June,68e5e54021c4af9b4a754987,"State: Bihar, City: Muzaffarpur",2025-10-19T02:20:23.503Z,2025-10-19T02:20:23.503Z
68f44ae7e7a0fc520030fbb3,Nature Photography Walks,"Capture the beauty of Chandigarh’s landscapes with a guided photography walk around Sukhna Lake. Led by professionals, these sunrise or sunset sessions are perfect for honing your skills and witnessing nature’s quiet charm through the lens.",,,October to March,68e5e54021c4af9b4a754986,"State: Chandigarh, City: Chandigarh",2025-10-19T02:20:23.503Z,2025-10-19T02:20:23.503Z
68f44ae7e7a0fc520030fbb4,Rock Garden Entry & Boat Ride,"Discover Chandigarh’s artistic soul at the Rock Garden, a wonder of sculptures crafted from recycled materials. After exploring its labyrinthine pathways, unwind with a peaceful pedal-boat or motorboat ride across the serene Sukhna Lake nearby.",,,Year-round,68e5e54021c4af9b4a754983,"State: Chandigarh, City: Chandigarh",2025-10-19T02:20:23.503Z,2025-10-19T02:20:23.503Z
68f44ae7e7a0fc520030fbb5,Hot-Air Ballooning,"Experience Chandigarh’s countryside from the skies on a hot-air balloon adventure. As you float over the Aravalli foothills at sunrise, enjoy panoramic views and the thrill of flight in a peaceful, scenic atmosphere.",,,November to February,68d90c36fc0c58520c6cf20d,"State: Chandigarh, City: Chandigarh",2025-10-19T02:20:23.503Z,2025-10-19T02:20:23.503Z
68f44ae7e7a0fc520030fbb6,Adventure Park Entry,"Fuel your adventurous spirit at Chandigarh’s Leisure Valley Adventure Park. From rope courses and zip-lining to wall climbing and archery, it’s a fun-filled destination for thrill seekers and families alike amidst scenic surroundings.",,,October to May,68d90c36fc0c58520c6cf20d,"State: Chandigarh, City: Chandigarh",2025-10-19T02:20:23.503Z,2025-10-19T02:20:23.503Z
68f44ae7e7a0fc520030fbb7,Segway City Tours,"Glide through Chandigarh’s modern marvels on a Segway tour, covering the Capitol Complex and bustling Sector 17. It’s an exciting and effortless way to explore the city’s blend of architecture, culture, and open spaces.",,,October to March,68d90c36fc0c58520c6cf20d,"State: Chandigarh, City: Chandigarh",2025-10-19T02:20:23.503Z,2025-10-19T02:20:23.503Z
68f44ae7e7a0fc520030fbb8,Cycling Tours,"Join a guided cycling tour through Chandigarh’s green corridors, exploring architectural landmarks like the Capitol Complex and Leisure Valley. Enjoy the city’s unique blend of nature, design, and open boulevards from an eco-friendly perspective.",,,October to March,68d90c36fc0c58520c6cf20d,"State: Chandigarh, City: Chandigarh",2025-10-19T02:20:23.503Z,2025-10-19T02:20:23.503Z
68f44ae7e7a0fc520030fbb9,Kayaking and Canoeing,"Paddle through the calm waters of Sukhna Lake with a kayaking or canoeing session. Surrounded by lush hills and open skies, this activity offers both fitness and tranquility, making it a perfect outdoor experience in Chandigarh.",,,October to March,68d90c36fc0c58520c6cf20d,"State: Chandigarh, City: Chandigarh",2025-10-19T02:20:23.503Z,2025-10-19T02:20:23.503Z
68f44ae7e7a0fc520030fbba,Yoga & Meditation Day Retreats,"Rejuvenate your body and mind with a full-day yoga and meditation retreat in Chandigarh. Enjoy multiple guided sessions that combine mindfulness, relaxation, and holistic well-being in a serene natural setting.",,,Year-round,68f1c03170888f8a3ddf2efc,"State: Chandigarh, City: Chandigarh",2025-10-19T02:20:23.503Z,2025-10-19T02:20:23.503Z
68f44ae7e7a0fc520030fbbb,Heritage Rickshaw Tours,Step back in time with a heritage rickshaw tour that winds through Chandigarh’s historic monuments and landmarks. This leisurely ride offers an immersive glimpse into the city’s design philosophy and cultural highlights.,,,October to March,68e5e54021c4af9b4a754983,"State: Chandigarh, City: Chandigarh",2025-10-19T02:20:23.503Z,2025-10-19T02:20:23.503Z
68f44ae7e7a0fc520030fbbc,Bhoramdeo Temple Guided Tour,"Discover the exquisite carvings of Bhoramdeo Temple, often called the ‘Khajuraho of Chhattisgarh’. A guided tour unveils its rich history, architectural brilliance, and the spiritual aura that surrounds this centuries-old heritage site.",,,October to March,68f1c03170888f8a3ddf2efc,"State: Chhattisgarh, City: Bilaspur",2025-10-19T02:20:23.503Z,2025-10-19T02:20:23.503Z
68f44ae7e7a0fc520030fbbd,Surguja Tiger Safari,"Embark on a wildlife safari through Surguja Sanctuary near Ambikapur. The jeep ride takes you deep into tiger territory, where dense forests and diverse wildlife create a memorable experience for nature and photography lovers.",,,November to April,68d90c36fc0c58520c6cf20d,"State: Chhattisgarh, City: Ambikapur",2025-10-19T02:20:23.503Z,2025-10-19T02:20:23.503Z
68f44ae7e7a0fc520030fbbe,Khutaghat Water Sports,"Enjoy a splash of excitement at Khutaghat Dam near Bilaspur, where you can try jet skiing, kayaking, or paddle boating on calm blue waters. It’s an ideal retreat for adventure and relaxation amid nature.",,,October to February,68d90c36fc0c58520c6cf20d,"State: Chhattisgarh, City: Bilaspur",2025-10-19T02:20:23.503Z,2025-10-19T02:20:23.503Z
68f44ae7e7a0fc520030fbbf,Korba Tribal Village Tour,"Experience the vibrant culture of Chhattisgarh’s tribal heartland with a guided tour through Korba’s villages. Meet local artisans, learn about indigenous traditions, and witness authentic music and dance performances.",,,October to March,68e5e54021c4af9b4a754986,"State: Chhattisgarh, City: Korba",2025-10-19T02:20:23.503Z,2025-10-19T02:20:23.503Z
68f44ae7e7a0fc520030fbc0,Heritage Walk,"Explore Raipur’s cultural roots on a guided heritage walk through the old quarter. Visit Mahant Ghasidas Museum, ancient temples, and lively bazaars while discovering stories of the city’s art, architecture, and evolution over the centuries.",,,October to March,68e5e54021c4af9b4a754983,"State: Chhattisgarh, City: Raipur",2025-10-19T02:20:23.503Z,2025-10-19T02:20:23.503Z
68f44ae7e7a0fc520030fbc1,Chitrakote Falls Boat Ride,"Glide across the river in a traditional coracle boat and feel the mist of India’s widest waterfall, Chitrakote Falls. This short yet magical ride lets you experience the grandeur and roar of cascading waters up close.",,,November to March,68e5e54021c4af9b4a754987,"State: Chhattisgarh, City: Jagdalpur",2025-10-19T02:20:23.503Z,2025-10-19T02:20:23.503Z
68f44ae7e7a0fc520030fbc2,Kawardha Tribal Cultural Tour,"Immerse yourself in the vibrant heritage of Kawardha through guided visits to Gond villages and royal palaces. Learn about traditional crafts, tribal lifestyles, and the region’s rich cultural tapestry.",,,October to March,68e5e54021c4af9b4a754986,"State: Chhattisgarh, City: Kawardha",2025-10-19T02:20:23.503Z,2025-10-19T02:20:23.503Z
68f44ae7e7a0fc520030fbc3,Indravati River Rafting,"Paddle through the scenic Indravati River in Jagdalpur for an adrenaline-packed rafting adventure. With Class II–III rapids and lush jungle surroundings, it’s a perfect mix of thrill and natural beauty for outdoor enthusiasts.",,,October to February,68d90c36fc0c58520c6cf20d,"State: Chhattisgarh, City: Jagdalpur",2025-10-19T02:20:23.503Z,2025-10-19T02:20:23.503Z
68f44ae7e7a0fc520030fbc4,Khairagarh Palace Heritage Stay,"Relive royal elegance with an overnight stay at Khairagarh Palace near Ambikapur. The heritage property offers ornate architecture, local cuisine, and tranquil surroundings for a regal yet relaxing experience.",,,Year-round,68e5e54021c4af9b4a754983,"State: Chhattisgarh, City: Ambikapur",2025-10-19T02:20:23.503Z,2025-10-19T02:20:23.503Z
68f44ae7e7a0fc520030fbc5,Durg Valley Bike Tours,"Ride through the picturesque Arpa Valley on a guided motorbike tour from Durg. These scenic routes blend open countryside, forested trails, and cultural stops—ideal for explorers who love the open road and local charm.",,,October to March,68d90c36fc0c58520c6cf20d,"State: Chhattisgarh, City: Durg",2025-10-19T02:20:23.503Z,2025-10-19T02:20:23.503Z
68f44ae7e7a0fc520030fbc6,Barnawapara Wildlife Safari,"Set off on a thrilling jeep safari through Barnawapara Wildlife Sanctuary, home to leopards, bison, and vibrant birdlife. Located on Raipur’s outskirts, the sanctuary offers a peaceful escape into nature with lush sal forests and scenic trails.",,,November to April,68e5e54021c4af9b4a754987,"State: Chhattisgarh, City: Raipur",2025-10-19T02:20:23.503Z,2025-10-19T02:20:23.503Z
68f44ae7e7a0fc520030fbc7,Temshek Camping & Bonfire,"Spend a starry night in the hills of Temshek near Kawardha, enjoying cozy tent stays, bonfires, and local meals. The serene surroundings and cool breeze make it a perfect getaway for nature lovers.",,,October to February,68f1c03170888f8a3ddf2efc,"State: Chhattisgarh, City: Kawardha",2025-10-19T02:20:23.503Z,2025-10-19T02:20:23.503Z
68f44ae7e7a0fc520030fbc8,Kailash Caves Jeep Safari,Travel off the beaten path with a jeep safari to the mysterious Kailash Caves near Korba. These ancient rock shelters feature prehistoric carvings and offer panoramic views of the rugged forested landscape.,,,November to March,68e5e54021c4af9b4a754987,"State: Chhattisgarh, City: Korba",2025-10-19T02:20:23.503Z,2025-10-19T02:20:23.503Z
68f44ae7e7a0fc520030fbc9,Sita Bengani Waterfall Trek & Swim,"Trek through lush greenery to reach the stunning Sita Bengani Waterfall near Durg. After the scenic hike, cool off with a refreshing swim in the natural pool beneath the cascading waters for a rejuvenating outdoor escape.",,,October to June,68d90c36fc0c58520c6cf20d,"State: Chhattisgarh, City: Durg",2025-10-19T02:20:23.503Z,2025-10-19T02:20:23.503Z
68f44ae7e7a0fc520030fbca,Snorkeling & Scuba Diving,Discover the underwater world off Ghoghla Beach through guided snorkeling and beginner scuba dives. Swim among colorful corals and tropical fish in Diu’s crystal-clear waters—an unforgettable experience for marine life enthusiasts.,,,November to April,68d90c36fc0c58520c6cf20d,"State: Dadra and Nagar Haveli and Daman and Diu, City: Diu",2025-10-19T02:20:23.504Z,2025-10-19T02:20:23.504Z
68f44ae7e7a0fc520030fbcb,Safari Rides,"Embark on a short wildlife safari around Vanganga Lake near Silvassa. The guided jeep ride lets you spot deer, lions, and other animals in a serene forested setting, offering a family-friendly taste of adventure and nature.",,,November to March,68e5e54021c4af9b4a754987,"State: Dadra and Nagar Haveli and Daman and Diu, City: Silvassa",2025-10-19T02:20:23.504Z,2025-10-19T02:20:23.504Z
68f44ae7e7a0fc520030fbcc,Jet Ski Rides,"Feel the rush of sea spray as you speed across the waves on a thrilling jet ski ride at Devka Beach. Perfect for adventure seekers, this high-speed experience combines excitement with scenic ocean views along Daman’s sunlit coast.",,,October to May,68d90c36fc0c58520c6cf20d,"State: Dadra and Nagar Haveli and Daman and Diu, City: Daman",2025-10-19T02:20:23.504Z,2025-10-19T02:20:23.504Z
68f44ae7e7a0fc520030fbcd,Banana Boat Rides,"Gather your friends for a laughter-filled banana boat ride at Jampore Beach. Pulled by a speedboat, the inflatable ride bounces across the waves, making for an unforgettable group adventure on Daman’s lively shoreline.",,,October to May,68d90c36fc0c58520c6cf20d,"State: Dadra and Nagar Haveli and Daman and Diu, City: Daman",2025-10-19T02:20:23.504Z,2025-10-19T02:20:23.504Z
68f44ae7e7a0fc520030fbce,Tribal Heritage Village Tour,"Get a glimpse of indigenous life on a guided tour through Silvassa’s tribal villages. Engage with local artisans, witness traditional crafts, and understand the region’s cultural roots in an enriching and authentic experience.",,,October to March,68e5e54021c4af9b4a754986,"State: Dadra and Nagar Haveli and Daman and Diu, City: Silvassa",2025-10-19T02:20:23.504Z,2025-10-19T02:20:23.504Z
68f44ae7e7a0fc520030fbcf,Glass-Bottom Boat Ride,"Glide over turquoise waters on a glass-bottom boat to witness Diu’s stunning coral reefs without getting wet. Ideal for families, these short cruises reveal the beauty of marine life beneath your feet in a relaxed and scenic setting.",,,November to April,68e5e54021c4af9b4a754987,"State: Dadra and Nagar Haveli and Daman and Diu, City: Diu",2025-10-19T02:20:23.504Z,2025-10-19T02:20:23.504Z
68f44ae7e7a0fc520030fbd0,ATV & Dirt Bike Rides,Kick up some dust with off-road fun on quad bikes at Vanganga Adventure Park. These dirt tracks promise adrenaline-pumping excitement as you maneuver through rugged terrain amid Silvassa’s scenic surroundings.,,,October to May,68d90c36fc0c58520c6cf20d,"State: Dadra and Nagar Haveli and Daman and Diu, City: Silvassa",2025-10-19T02:20:23.504Z,2025-10-19T02:20:23.504Z
68f44ae7e7a0fc520030fbd1,Kayaking on Dadra River,"Paddle through calm river stretches surrounded by lush greenery on a kayaking adventure near Silvassa. Whether solo or tandem, this activity combines gentle exercise with the soothing sounds of nature for a relaxing outdoor escape.",,,November to March,68d90c36fc0c58520c6cf20d,"State: Dadra and Nagar Haveli and Daman and Diu, City: Silvassa",2025-10-19T02:20:23.504Z,2025-10-19T02:20:23.504Z
68f44ae7e7a0fc520030fbd2,Parasailing,"Soar above the Arabian Sea on a thrilling parasailing ride at Nagoa Beach. As the parachute lifts you high into the air, enjoy breathtaking aerial views of Diu’s coastline and feel the wind rush through your hair.",,,October to May,68d90c36fc0c58520c6cf20d,"State: Dadra and Nagar Haveli and Daman and Diu, City: Diu",2025-10-19T02:20:23.504Z,2025-10-19T02:20:23.504Z
68f44ae7e7a0fc520030fbd3,Daman Fort Guided Tours,"Step back in time with a guided exploration of Daman Fort, a Portuguese-era stronghold overlooking the Arabian Sea. Learn fascinating tales of colonial heritage as you stroll through ramparts, museums, and old chapels that define the town’s historic charm.",,,October to March,68e5e54021c4af9b4a754983,"State: Dadra and Nagar Haveli and Daman and Diu, City: Daman",2025-10-19T02:20:23.504Z,2025-10-19T02:20:23.504Z
68f44ae7e7a0fc520030fbd4,Mirasol Lake Boating,"Unwind with a peaceful boating session on Mirasol Lake in Nani Daman. Surrounded by mangroves and calm waters, this activity is ideal for families and couples looking to enjoy nature’s serenity away from the beach bustle.",,,October to March,68d90c36fc0c58520c6cf20d,"State: Dadra and Nagar Haveli and Daman and Diu, City: Daman",2025-10-19T02:20:23.504Z,2025-10-19T02:20:23.504Z
68f44ae7e7a0fc520030fbd5,Diu Fort Light & Sound Show,Watch history unfold at the Diu Fort through a captivating light and sound show. The illuminated walls and dramatic narration bring centuries of Portuguese rule and maritime heritage to life in a spellbinding evening setting.,,,October to March,68e5e54021c4af9b4a754983,"State: Dadra and Nagar Haveli and Daman and Diu, City: Diu",2025-10-19T02:20:23.504Z,2025-10-19T02:20:23.504Z
68f44ae7e7a0fc520030fbd6,Adventure Park Activities,"Challenge yourself with rope courses, zip-lining, and archery at the adventure park near Asola Bhatti Sanctuary. Set amid rocky Aravalli terrain, it’s a fun outdoor getaway combining thrill, fitness, and natural beauty.",,,October to May,68d90c36fc0c58520c6cf20d,"State: Delhi, City: New Delhi",2025-10-19T02:20:23.504Z,2025-10-19T02:20:23.504Z
68f44ae7e7a0fc520030fbd7,Yamuna River Cruise,"Enjoy a peaceful boat ride on the Yamuna River as city life unfolds along its banks. This short cruise offers serene views of Delhi’s skyline and Akshardham Temple, creating a tranquil contrast to the capital’s busy streets.",,,October to February,68f389c75b1a905ca48c898e,"State: Delhi, City: New Delhi",2025-10-19T02:20:23.504Z,2025-10-19T02:20:23.504Z
68f44ae7e7a0fc520030fbd8,Red Fort Light & Sound Show,"Experience Delhi’s history come alive at the Red Fort through a mesmerizing light and sound show. The illuminated ramparts and captivating narration recreate tales of Mughal emperors, wars, and glory under the starlit sky.",,,October to March (Friday–Sunday evenings),68e5e54021c4af9b4a754987,"State: Delhi, City: Old Delhi",2025-10-19T02:20:23.504Z,2025-10-19T02:20:23.504Z
68f44ae7e7a0fc520030fbd9,Heritage Walking Tour,"Explore the vibrant heart of Old Delhi on a guided walk through Chandni Chowk’s bustling lanes, ancient Jain temples, and aromatic spice markets. This immersive journey offers a glimpse into Delhi’s Mughal grandeur and timeless street life.",,,October to March,68e5e54021c4af9b4a754983,"State: Delhi, City: Old Delhi",2025-10-19T02:20:23.504Z,2025-10-19T02:20:23.504Z
68f44ae7e7a0fc520030fbda,Hot Air Balloon Safari,Float gently above the Delhi-NCR landscape at sunrise on a breathtaking hot air balloon ride. Soar over fields and wetlands near Sultanpur as golden morning light unveils panoramic views of nature and city horizons.,,,November to February,68d90c36fc0c58520c6cf20d,"State: Delhi, City: New Delhi",2025-10-19T02:20:23.504Z,2025-10-19T02:20:23.504Z
68f44ae7e7a0fc520030fbdb,Yoga & Meditation Day Package,"Reconnect with yourself through a full-day yoga and meditation retreat in the capital. With guided sessions, mindful breathing, and nourishing meals, this rejuvenating experience brings calm and clarity amid the city’s lively pace.",,,Year-round,68f1c03170888f8a3ddf2efc,"State: Delhi, City: New Delhi",2025-10-19T02:20:23.504Z,2025-10-19T02:20:23.504Z
68f44ae7e7a0fc520030fbdc,Cycle Tour & Rickshaw Ride,"Ride through Lutyens’ Delhi on an eco-friendly cycle or rickshaw, passing iconic landmarks like India Gate and Rashtrapati Bhavan. The guided journey blends colonial architecture, broad avenues, and historical charm with a refreshing outdoor experience.",,,October to March,68d90c36fc0c58520c6cf20d,"State: Delhi, City: New Delhi",2025-10-19T02:20:23.504Z,2025-10-19T02:20:23.504Z
68f44ae7e7a0fc520030fbdd,Street Food Crawl,"Savor Delhi’s culinary soul with a guided tasting trail through Old Delhi’s legendary food stalls. From crisp parathas to smoky kebabs and syrupy sweets, every bite tells a story of culture, flavor, and tradition in India’s food capital.",,,Year-round,68e5e54021c4af9b4a754987,"State: Delhi, City: Old Delhi",2025-10-19T02:20:23.504Z,2025-10-19T02:20:23.504Z
68f44ae7e7a0fc520030fbde,National Rail Museum Steam Train Ride,"Step back in time with a nostalgic steam train ride through the National Rail Museum’s heritage track. Perfect for families and history lovers, this short journey celebrates India’s rail legacy in an engaging and memorable way.",,,Wednesday to Sunday (year-round),68e5e54021c4af9b4a754983,"State: Delhi, City: New Delhi",2025-10-19T02:20:23.504Z,2025-10-19T02:20:23.504Z
68f44ae7e7a0fc520030fbdf,Qutub Minar Guided Tour,"Walk through centuries of history at the Qutub Minar complex with a knowledgeable guide. Learn the stories behind its towering minaret, intricate carvings, and ancient ruins that mark the beginnings of Delhi’s Sultanate era.",,,Year-round,68d90c36fc0c58520c6cf20d,"State: Delhi, City: New Delhi",2025-10-19T02:20:23.504Z,2025-10-19T02:20:23.504Z
68f44ae7e7a0fc520030fbe0,Crocodile Sanctuary Boat Safari,Cruise through the tranquil rivers of Ponda to spot muggers basking along mangrove banks. The guided safari offers a close-up look at Goa’s rich biodiversity while providing an exciting and eco-friendly wildlife encounter.,,,October to March,68e5e54021c4af9b4a754987,"State: Goa, City: Ponda",2025-10-19T02:20:23.504Z,2025-10-19T02:20:23.504Z
68f44ae7e7a0fc520030fbe1,Heritage Walking Tours,"Discover Old Goa’s colonial history through guided walks across the colorful Fontainhas Latin Quarter. Explore baroque churches, Portuguese mansions, and quiet lanes filled with vintage charm, offering a glimpse into Panaji’s cultural past and architectural grace.",,,October to March,68e5e54021c4af9b4a754983,"State: Goa, City: Panaji",2025-10-19T02:20:23.504Z,2025-10-19T02:20:23.504Z
68f44ae7e7a0fc520030fbe2,Water Sports Combo,"Dive into Goa’s thrill-packed beach life with combos featuring parasailing, jet skiing, banana rides, and speed boating. Each activity adds a splash of adrenaline against the golden sands and turquoise waters of Calangute’s lively coastline.",,,October to May,68d90c36fc0c58520c6cf20d,"State: Goa, City: Calangute",2025-10-19T02:20:23.504Z,2025-10-19T02:20:23.504Z
68f44ae7e7a0fc520030fbe3,Scuba Diving,"Dive into the depths off Candolim Beach to witness colorful corals, tropical fish, and submerged shipwrecks. Certified instructors ensure safety and fun, making it an ideal adventure for both first-timers and seasoned divers.",,,October to April,68d90c36fc0c58520c6cf20d,"State: Goa, City: Candolim",2025-10-19T02:20:23.505Z,2025-10-19T02:20:23.505Z
68f44ae7e7a0fc520030fbe4,Dudhsagar Waterfall Jeep Safari,"Embark on a thrilling 4×4 ride through dense forests and rugged trails leading to the majestic Dudhsagar Falls. The journey offers panoramic views, splashing streams, and a sense of adventure perfect for nature lovers and thrill seekers alike.",,,October to March,68d90c36fc0c58520c6cf20d,"State: Goa, City: Margao",2025-10-19T02:20:23.505Z,2025-10-19T02:20:23.505Z
68f44ae7e7a0fc520030fbe5,Jet Ski & Bumper Ride,"Enjoy high-speed fun as you zoom across the waves on a jet ski or bounce along on a bumper ride. These adrenaline-packed beach activities promise laughter, excitement, and the perfect dose of coastal adventure.",,,October to May,68d90c36fc0c58520c6cf20d,"State: Goa, City: Colva",2025-10-19T02:20:23.505Z,2025-10-19T02:20:23.505Z
68f44ae7e7a0fc520030fbe6,Sea Scooter & Underwater Scooter,"Explore Goa’s underwater world with sea scooters that let you glide effortlessly below the surface. Surrounded by vibrant marine life and coral formations, this unique adventure combines thrill with an unforgettable aquatic perspective.",,,October to May,68d90c36fc0c58520c6cf20d,"State: Goa, City: Anjuna",2025-10-19T02:20:23.505Z,2025-10-19T02:20:23.505Z
68f44ae7e7a0fc520030fbe7,Kayaking in Backwaters,"Glide through calm estuaries surrounded by mangroves and birdlife on a guided kayaking tour. It’s a peaceful escape from the busy beaches, offering paddlers a refreshing way to experience Goa’s natural beauty and quiet coastal charm.",,,October to March,68d90c36fc0c58520c6cf20d,"State: Goa, City: Calangute",2025-10-19T02:20:23.505Z,2025-10-19T02:20:23.505Z
68f44ae7e7a0fc520030fbe8,Yoga & Ayurveda Retreats,"Rejuvenate your body and mind with holistic yoga and Ayurveda sessions in peaceful beachside settings. These day retreats blend meditation, massage, and herbal therapies for a soothing Goan wellness experience that nurtures both spirit and senses.",,,Year-round,68f1c03170888f8a3ddf2efc,"State: Goa, City: Candolim",2025-10-19T02:20:23.505Z,2025-10-19T02:20:23.505Z
68f44ae7e7a0fc520030fbe9,Ancestral Goa Museum Tram Tour,"Ride a heritage tram through a living museum that recreates old Goan village life. From traditional homes to cultural displays, the experience transports visitors into the region’s rich history, making it both educational and entertaining for all ages.",,,Year-round,68e5e54021c4af9b4a754986,"State: Goa, City: Mapusa",2025-10-19T02:20:23.505Z,2025-10-19T02:20:23.505Z
68f44ae7e7a0fc520030fbea,Mandovi River Cruise,"Sail along the scenic Mandovi River on an evening cruise featuring Goan folk music, cultural performances, and a buffet dinner. The city lights reflecting on the water make it one of Goa’s most enchanting night experiences, blending entertainment and coastal charm.",,,October to March,68e5e54021c4af9b4a754983,"State: Goa, City: Panaji",2025-10-19T02:20:23.505Z,2025-10-19T02:20:23.505Z
68f44ae7e7a0fc520030fbeb,Dolphin Watching Cruise,"Set sail from Vasco’s coast for a serene ocean cruise where playful dolphins leap alongside the boat. These guided excursions blend marine adventure with the calm of the Arabian Sea, offering an unforgettable connection with Goa’s aquatic life.",,,November to February,68e5e54021c4af9b4a754987,"State: Goa, City: Vasco da Gama",2025-10-19T02:20:23.505Z,2025-10-19T02:20:23.505Z
68f44ae7e7a0fc520030fbec,Snorkeling,Snorkel through crystal-clear waters and admire Goa’s vibrant marine life just below the surface. It’s an easy and enjoyable activity for beach lovers seeking to explore the region’s hidden underwater beauty without deep diving.,,,October to May,68d90c36fc0c58520c6cf20d,"State: Goa, City: Candolim",2025-10-19T02:20:23.505Z,2025-10-19T02:20:23.505Z
68f44ae7e7a0fc520030fbed,Parasailing,"Soar high above the Arabian Sea as a speedboat pulls you into the sky, revealing panoramic views of Goa’s stunning coastline. This exhilarating experience combines adventure with breathtaking beauty, making it a must-try beach thrill.",,,October to May,68d90c36fc0c58520c6cf20d,"State: Goa, City: Baga",2025-10-19T02:20:23.505Z,2025-10-19T02:20:23.505Z
68f44ae7e7a0fc520030fbee,Beach Camping,"Spend a magical night under the stars on Colva Beach, with tents, bonfires, and the sound of gentle waves. This cozy beachfront camping experience offers relaxation, stargazing, and the true essence of Goa’s coastal vibe.",,,November to February,68e5e54021c4af9b4a754987,"State: Goa, City: Colva",2025-10-19T02:20:23.505Z,2025-10-19T02:20:23.505Z
68f44ae7e7a0fc520030fbef,Spice Plantation Tour,"Stroll through lush spice farms as local guides share stories of cardamom, pepper, and nutmeg cultivation. The tour ends with a traditional Goan lunch served amid fragrant greenery—an authentic farm-to-table experience that immerses visitors in Goa’s agrarian life.",,,October to May,68e5e54021c4af9b4a754987,"State: Goa, City: Ponda",2025-10-19T02:20:23.505Z,2025-10-19T02:20:23.505Z
68f44ae7e7a0fc520030fbf0,Stand-Up Paddleboarding,"Test your balance and enjoy the calm waters of Anjuna Beach with stand-up paddleboarding. Whether you’re a beginner or seasoned paddler, the activity offers a relaxing way to connect with the sea and enjoy the sunlit shoreline.",,,October to March,68e5e54021c4af9b4a754987,"State: Goa, City: Anjuna",2025-10-19T02:20:23.505Z,2025-10-19T02:20:23.505Z
68f44ae7e7a0fc520030fbf1,Sunset Beach Cruise,Watch the sun dip below the horizon on a tranquil evening motorboat cruise from Baga Beach. The golden skies and gentle sea breeze create a picture-perfect setting for couples and photographers seeking Goa’s most romantic hour.,,,Year-round evenings,68d90c36fc0c58520c6cf20d,"State: Goa, City: Baga",2025-10-19T02:20:23.505Z,2025-10-19T02:20:23.505Z
68f44ae7e7a0fc520030fbf2,Girnar Ropeway Ride,"Ascend to the revered temples of Girnar via one of India’s longest ropeways. Enjoy breathtaking aerial views of hills and forests as you glide smoothly toward the spiritual summit, blending nature’s grandeur with divine serenity.",,,Year-round,68f389c75b1a905ca48c898e,"State: Gujarat, City: Bhavnagar",2025-10-19T02:20:23.505Z,2025-10-19T02:20:23.505Z
68f44ae7e7a0fc520030fbf3,Mahatma Gandhi Museum Guided Tour,"Discover the life and legacy of Mahatma Gandhi through a guided tour of the Gandhinagar museum. Engaging exhibits and interactive displays narrate India’s freedom story, making it an inspiring experience for visitors of all ages.",,,Year-round,68e5e54021c4af9b4a754987,"State: Gujarat, City: Gandhinagar",2025-10-19T02:20:23.505Z,2025-10-19T02:20:23.505Z
68f44ae7e7a0fc520030fbf4,Watson Museum Entry & Guide,"Dive into Rajkot’s colonial and cultural past at the Watson Museum. With a knowledgeable guide, explore rare sculptures, manuscripts, and artifacts that trace Saurashtra’s vibrant history and artistic heritage through the centuries.",,,Year-round,68e5e54021c4af9b4a754983,"State: Gujarat, City: Rajkot",2025-10-19T02:20:23.505Z,2025-10-19T02:20:23.505Z
68f44ae7e7a0fc520030fbf5,Sarthana Bird Sanctuary Boat Safari,Drift through the tranquil waters of Sarthana Bird Sanctuary on an eco-friendly electric boat safari. Observe colorful migratory birds and lush wetlands in this peaceful nature retreat that delights birdwatchers and photographers alike.,,,November to February,68e5e54021c4af9b4a754987,"State: Gujarat, City: Surat",2025-10-19T02:20:23.505Z,2025-10-19T02:20:23.505Z
68f44ae7e7a0fc520030fbf6,Girnar Wildlife Safari,"Embark on a scenic jeep safari through Girnar Wildlife Sanctuary, home to leopards, deer, and exotic bird species. With forested hills and panoramic views, it’s a memorable experience for nature and photography lovers.",,,October to March,68e5e54021c4af9b4a754987,"State: Gujarat, City: Junagadh",2025-10-19T02:20:23.505Z,2025-10-19T02:20:23.505Z
68f44ae7e7a0fc520030fbf7,Somnath Temple VIP Darshan,"Enhance your visit to Somnath Temple with a guided VIP darshan. Skip the queues and learn about the temple’s rich history and spiritual importance, making your pilgrimage both comfortable and enlightening.",,,October to March,68d90c36fc0c58520c6cf20d,"State: Gujarat, City: Somnath",2025-10-19T02:20:23.506Z,2025-10-19T02:20:23.506Z
68f44ae7e7a0fc520030fbf8,Triveni Sangam Boat Cruise,"Enjoy a serene boat ride at the sacred Triveni Sangam in Somnath, where three rivers converge. The gentle cruise offers moments of reflection and spirituality amidst scenic surroundings.",,,October to March,68f389c75b1a905ca48c898e,"State: Gujarat, City: Somnath",2025-10-19T02:20:23.506Z,2025-10-19T02:20:23.506Z
68f44ae7e7a0fc520030fbf9,Wildlife Safari at Kankaria Lake,"Experience a one-of-a-kind nocturnal wildlife adventure at Kankaria Lake’s night zoo. Explore the habitats by lantern-lit jeep safaris and witness the beauty of wildlife in an enchanting, moonlit setting perfect for families and explorers.",,,October to March,68e5e54021c4af9b4a754987,"State: Gujarat, City: Rajkot",2025-10-19T02:20:23.506Z,2025-10-19T02:20:23.506Z
68f44ae7e7a0fc520030fbfa,Dwarka Light & Sound Show,"Experience Dwarka’s ancient legends come alive through a spectacular light and sound show near the Dwarkadhish Temple. The storytelling, music, and visuals transport you to the mythological world of Lord Krishna.",,,October to March,68e5e54021c4af9b4a754986,"State: Gujarat, City: Dwarka",2025-10-19T02:20:23.506Z,2025-10-19T02:20:23.506Z
68f44ae7e7a0fc520030fbfb,Devalia Safari Park Electric Cart Tour,"Explore Devalia Safari Park aboard a quiet electric cart and witness lions, deer, and antelopes in their semi-natural enclosures. This eco-friendly safari offers a compact yet captivating glimpse of Gir’s wildlife diversity.",,,Year-round,68e5e54021c4af9b4a754987,"State: Gujarat, City: Gir National Park",2025-10-19T02:20:23.506Z,2025-10-19T02:20:23.506Z
68f44ae7e7a0fc520030fbfc,Heritage Walking Tours,"Explore the soul of old Ahmedabad through guided heritage walks across its centuries-old ‘pols’ and intricately carved havelis. Experience the city’s living history as local experts narrate tales of culture, craftsmanship, and community life hidden within narrow lanes.",,,October to March,68e5e54021c4af9b4a754983,"State: Gujarat, City: Ahmedabad",2025-10-19T02:20:23.506Z,2025-10-19T02:20:23.506Z
68f44ae7e7a0fc520030fbfd,Sabarmati Riverfront Boating,"Glide along the serene Sabarmati Riverfront in Ahmedabad on a scenic motorboat ride. The tranquil waters and landscaped promenade create a refreshing urban escape, offering panoramic city views and a peaceful experience perfect for families and couples alike.",,,October to March,68e5e54021c4af9b4a754983,"State: Gujarat, City: Ahmedabad",2025-10-19T02:20:23.506Z,2025-10-19T02:20:23.506Z
68f44ae7e7a0fc520030fbfe,Uparkot Fort Guided Walks,"Journey through history on a guided walk around Uparkot Fort in Junagadh. Explore its ancient stepwells, secret tunnels, and grand gates as guides recount stories of valor, architecture, and forgotten empires.",,,October to March,68e5e54021c4af9b4a754983,"State: Gujarat, City: Junagadh",2025-10-19T02:20:23.506Z,2025-10-19T02:20:23.506Z
68f44ae7e7a0fc520030fbff,Dumas Beach ATV Rides,"Rev up your adventure at Dumas Beach with thrilling ATV rides across the golden sands. Feel the sea breeze and adrenaline rush as you navigate along the shoreline, creating the perfect blend of speed, excitement, and coastal charm.",,,October to May,68d90c36fc0c58520c6cf20d,"State: Gujarat, City: Surat",2025-10-19T02:20:23.506Z,2025-10-19T02:20:23.506Z
68f44ae7e7a0fc520030fc00,Nageshwar Jyotirlinga Boat Ride,"Sail across the serene waters to reach the offshore Nageshwar Jyotirlinga Temple near Dwarka. This short ferry journey combines devotion with scenic coastal views, creating a tranquil spiritual experience.",,,Year-round,68e5e54021c4af9b4a754987,"State: Gujarat, City: Dwarka",2025-10-19T02:20:23.506Z,2025-10-19T02:20:23.506Z
68f44ae7e7a0fc520030fc01,Marine National Park Glass-Bottom Boat Ride,Sail over Gujarat’s underwater marvels on a glass-bottom boat at Marine National Park near Bhavnagar. Watch coral reefs and marine creatures glide beneath your feet—a mesmerizing eco-adventure perfect for nature enthusiasts and families.,,,October to March,68e5e54021c4af9b4a754987,"State: Gujarat, City: Bhavnagar",2025-10-19T02:20:23.506Z,2025-10-19T02:20:23.506Z
68f44ae7e7a0fc520030fc02,Laxmi Vilas Palace Guided Tours,"Step into royal grandeur with a guided tour of Laxmi Vilas Palace, one of India’s most opulent residences. Wander through regal halls, admire European-style architecture, and listen to captivating tales of the Gaekwad dynasty’s legacy.",,,October to March,68e5e54021c4af9b4a754983,"State: Gujarat, City: Vadodara",2025-10-19T02:20:23.506Z,2025-10-19T02:20:23.506Z
68f44ae7e7a0fc520030fc03,Akshardham Cable Car Ride,"Take a short yet scenic cable car ride within the Akshardham complex, offering panoramic views of its stunning architecture and lush gardens. It’s a peaceful way to enjoy Gandhinagar’s spiritual ambiance from above.",,,Year-round,68f1c03170888f8a3ddf2efc,"State: Gujarat, City: Gandhinagar",2025-10-19T02:20:23.506Z,2025-10-19T02:20:23.506Z
68f44ae7e7a0fc520030fc04,Champaner-Pavagadh Archaeological Tour,"Uncover Gujarat’s UNESCO World Heritage site through a guided exploration of Champaner-Pavagadh. Discover ancient mosques, stepwells, and fort ruins that reveal the region’s medieval architectural brilliance and cultural fusion between Hindu and Islamic styles.",,,October to February,68e5e54021c4af9b4a754983,"State: Gujarat, City: Vadodara",2025-10-19T02:20:23.506Z,2025-10-19T02:20:23.506Z
68f44ae7e7a0fc520030fc05,Gir Forest Jeep Safari,"Venture deep into the Gir Forest on a thrilling jeep safari to spot the majestic Asiatic lion. Guided naturalists lead you through dense forests, sharing insights about the region’s rare wildlife and rich biodiversity.",,,December to April,68e5e54021c4af9b4a754987,"State: Gujarat, City: Gir National Park",2025-10-19T02:20:23.506Z,2025-10-19T02:20:23.506Z
68f44ae7e7a0fc520030fc06,Heritage Museum Guided Tour,"Delve into Hisar’s cultural legacy with a guided tour of the Gandhi Memorial and Heritage Museum. Audio guides narrate fascinating stories behind artifacts and exhibits, offering a thoughtful journey through Haryana’s art and history.",,,Year-round,68e5e54021c4af9b4a754983,"State: Haryana, City: Hisar",2025-10-19T02:20:23.506Z,2025-10-19T02:20:23.506Z
68f44ae7e7a0fc520030fc07,Heritage Walking Tours,"Discover the lesser-known history of Gurugram on a guided heritage walk through Sultanpur tombs and ancient forts. Led by local experts, these 3-hour tours blend architecture, storytelling, and culture for an enriching experience of Haryana’s historic roots.",,,October to March,68e5e54021c4af9b4a754983,"State: Haryana, City: Gurugram",2025-10-19T02:20:23.506Z,2025-10-19T02:20:23.506Z
68f44ae7e7a0fc520030fc08,Water Sports at Blue Bird Lake,"Dive into fun at Karnal’s Blue Bird Lake with a variety of water sports including paddle boating, jet skiing, and speed boating. Surrounded by greenery and calm waters, it’s an ideal spot for a refreshing family outing or weekend thrill.",,,October to March,68d90c36fc0c58520c6cf20d,"State: Haryana, City: Karnal",2025-10-19T02:20:23.506Z,2025-10-19T02:20:23.506Z
68f44ae7e7a0fc520030fc09,Handloom Weaving Workshop,"Engage with Panipat’s textile heritage in a hands-on weaving workshop. Learn traditional sari-weaving techniques from skilled artisans, try your hand at the loom, and gain insight into the centuries-old craft that earned Panipat its reputation as the ‘City of Weavers.’",,,Year-round,68e5e54021c4af9b4a754986,"State: Haryana, City: Panipat",2025-10-19T02:20:23.506Z,2025-10-19T02:20:23.506Z
68f44ae7e7a0fc520030fc0a,Zip-lining at Damdama Lake,Experience the thrill of zip-lining across the scenic Damdama Lake surrounded by the Aravalli hills. This short but exhilarating ride lets you enjoy stunning aerial views while adding a dose of adventure to your outdoor getaway near Gurugram.,,,October to May,68d90c36fc0c58520c6cf20d,"State: Haryana, City: Gurugram",2025-10-19T02:20:23.506Z,2025-10-19T02:20:23.506Z
68f44ae7e7a0fc520030fc0b,Wildlife Safari at Ferozepur Jhirka Reserve,"Explore the natural beauty of Hisar’s Ferozepur Jhirka reserve on a guided jeep safari. Spot deer, migratory birds, and rare flora while traversing peaceful forest trails—a perfect activity for wildlife lovers and photographers alike.",,,November to March,68e5e54021c4af9b4a754987,"State: Haryana, City: Hisar",2025-10-19T02:20:23.506Z,2025-10-19T02:20:23.506Z
68f44ae7e7a0fc520030fc0c,Hot Air Balloon Ride,"Float serenely above the Aravalli hills at sunrise on a peaceful hot air balloon flight. Capture panoramic views of Gurugram’s countryside as the first light paints the landscape, offering a romantic and unforgettable morning in Haryana’s skies.",,,November to February,68d90c36fc0c58520c6cf20d,"State: Haryana, City: Gurugram",2025-10-19T02:20:23.506Z,2025-10-19T02:20:23.506Z
68f44ae7e7a0fc520030fc0d,Paintball & ATV Rides,"Get your adrenaline pumping in Sonipat with thrilling paintball battles and all-terrain vehicle rides. Perfect for group adventures, these activities combine teamwork, excitement, and outdoor fun amid scenic rural surroundings.",,,October to March,68d90c36fc0c58520c6cf20d,"State: Haryana, City: Sonipat",2025-10-19T02:20:23.506Z,2025-10-19T02:20:23.506Z
68f44ae7e7a0fc520030fc0e,Polo Riding Lessons,"Learn the regal sport of polo with beginner-friendly riding sessions in Ambala. Under expert guidance, participants practice basic horsemanship and enjoy the thrill of maneuvering on horseback—an elegant blend of adventure, skill, and tradition.",,,October to March,68e5e54021c4af9b4a754987,"State: Haryana, City: Ambala",2025-10-19T02:20:23.506Z,2025-10-19T02:20:23.506Z
68f44ae7e7a0fc520030fc0f,Skydiving Tandem Jump,"Soar over the Haryana plains with an unforgettable tandem skydive from 10,000 feet. After a short briefing, jump alongside a professional instructor and feel the rush of freefall before gliding gently back to earth—an ultimate adrenaline adventure.",,,October to March,68e5e54021c4af9b4a754983,"State: Haryana, City: Gurugram",2025-10-19T02:20:23.507Z,2025-10-19T02:20:23.507Z
68f44ae7e7a0fc520030fc10,Adventure Park Entry,"Spend an action-packed day at Faridabad’s adventure park featuring rope courses, zip lines, and wall climbing. Whether with friends or family, it’s a great way to test endurance and enjoy an exciting outdoor escape close to Delhi NCR.",,,October to May,68d90c36fc0c58520c6cf20d,"State: Haryana, City: Faridabad",2025-10-19T02:20:23.507Z,2025-10-19T02:20:23.507Z
68f44ae7e7a0fc520030fc11,Battlefield Guided Tour,"Step into history with a guided tour of Panipat’s legendary battlefields, where three great wars shaped India’s past. Professional guides narrate epic tales of valor and strategy, making this tour both educational and emotionally stirring for history enthusiasts.",,,October to March,68e5e54021c4af9b4a754983,"State: Haryana, City: Panipat",2025-10-19T02:20:23.507Z,2025-10-19T02:20:23.507Z
68f44ae7e7a0fc520030fc12,Archaeological Site Tour,"Uncover ancient Haryana on a guided exploration of Khair Fort and local excavation mounds near Sonipat. The tour offers insights into early settlements and fort architecture, making it a fascinating journey for history and archaeology enthusiasts.",,,October to March,68e5e54021c4af9b4a754983,"State: Haryana, City: Sonipat",2025-10-19T02:20:23.507Z,2025-10-19T02:20:23.507Z
68f44ae7e7a0fc520030fc13,Light & Sound Show at Brahma Sarovar,"Witness the Mahabharata come alive through a captivating light and sound show at Brahma Sarovar. The evening performance blends mythological storytelling with vivid visuals, creating a spiritual and cultural experience under the night sky of Kurukshetra.",,,November to February,68f1c03170888f8a3ddf2efc,"State: Haryana, City: Kurukshetra",2025-10-19T02:20:23.507Z,2025-10-19T02:20:23.507Z
68f44ae7e7a0fc520030fc14,River Rafting on Beas River,"Brace yourself for an adrenaline-pumping rafting experience on the Beas River in Manali. Navigate thrilling Grade II–III rapids surrounded by lush valleys and snow-covered peaks, perfect for both beginners and adventure seekers.",,,"April to June, September to October",68d90c36fc0c58520c6cf20d,"State: Himachal Pradesh, City: Manali",2025-10-19T02:20:23.507Z,2025-10-19T02:20:23.507Z
68f44ae7e7a0fc520030fc15,Boating & Island Picnic at Chamera Lake,"Cruise across the calm waters of Chamera Lake in Chamba on a scenic boat ride. With picnic spots and lakeside camping options, it’s a refreshing retreat surrounded by mountain views.",,,April to October,68f389c75b1a905ca48c898e,"State: Himachal Pradesh, City: Chamba",2025-10-19T02:20:23.507Z,2025-10-19T02:20:23.507Z
68f44ae7e7a0fc520030fc16,Guided Tibetan Culture Tours,"Discover the heart of Tibetan culture in McLeodganj through guided tours of monasteries, handicraft markets, and prayer halls. Learn about Buddhist traditions while soaking in the town’s serene spiritual vibe.",,,Year-round,68e5e54021c4af9b4a754986,"State: Himachal Pradesh, City: McLeodganj",2025-10-19T02:20:23.507Z,2025-10-19T02:20:23.507Z
68f44ae7e7a0fc520030fc17,Jeep Safari in Pin Valley,"Embark on a thrilling 4×4 jeep safari through Spiti’s rugged terrain and the serene Pin Valley. Encounter monasteries, high-altitude villages, and some of the most dramatic Himalayan vistas.",,,June to September,68d90c36fc0c58520c6cf20d,"State: Himachal Pradesh, City: Spiti Valley",2025-10-19T02:20:23.507Z,2025-10-19T02:20:23.507Z
68f44ae7e7a0fc520030fc18,Triund Trek with Guide,"Embark on the popular Triund Trek from Dharamshala for breathtaking views of the Dhauladhar range. With a local guide and essential equipment, this moderate trek promises stunning sunsets and serene mountain trails.",,,"March to June, September to November",68d90c36fc0c58520c6cf20d,"State: Himachal Pradesh, City: Dharamshala",2025-10-19T02:20:23.507Z,2025-10-19T02:20:23.507Z
68f44ae7e7a0fc520030fc19,Shimla–Kalka Toy Train Ride,"Experience the charm of a bygone era on the UNESCO-listed Shimla–Kalka Toy Train. Winding through pine forests, tunnels, and scenic valleys, this heritage railway offers one of India’s most picturesque mountain journeys.",,,April to November,68f389c75b1a905ca48c898e,"State: Himachal Pradesh, City: Shimla",2025-10-19T02:20:23.507Z,2025-10-19T02:20:23.507Z
68f44ae7e7a0fc520030fc1a,White-Water Rafting on Uhl River,"Experience the thrill of rafting on the Uhl River near Mandi, where moderate rapids meet serene mountain beauty. It’s a perfect blend of adventure and natural tranquility for all levels of rafters.",,,March to June,68d90c36fc0c58520c6cf20d,"State: Himachal Pradesh, City: Mandi",2025-10-19T02:20:23.507Z,2025-10-19T02:20:23.507Z
68f44ae7e7a0fc520030fc1b,Hot Air Balloon Ride over Kullu Valley,"Float gently above the lush Kullu Valley in a colorful hot air balloon. Witness the Beas River, apple orchards, and Himalayan peaks from the sky during this peaceful sunrise experience.",,,May to September,68d90c36fc0c58520c6cf20d,"State: Himachal Pradesh, City: Kullu",2025-10-19T02:20:23.507Z,2025-10-19T02:20:23.507Z
68f44ae7e7a0fc520030fc1c,Dalhousie–Dainkund Cable Car Ride,Glide above pine forests on the Dalhousie–Dainkund cable car ride for sweeping views of the Pir Panjal range. The journey offers a refreshing escape and stunning vistas throughout the year.,,,Year-round,68d90c36fc0c58520c6cf20d,"State: Himachal Pradesh, City: Dalhousie",2025-10-19T02:20:23.507Z,2025-10-19T02:20:23.507Z
68f44ae7e7a0fc520030fc1d,Skiing Lessons in Solang Valley,"Learn the art of skiing on the snowy slopes of Solang Valley under expert guidance. These lessons combine adventure and fun, offering an unforgettable winter experience in the heart of Himachal’s alpine wonderland.",,,December to February,68d90c36fc0c58520c6cf20d,"State: Himachal Pradesh, City: Manali",2025-10-19T02:20:23.507Z,2025-10-19T02:20:23.507Z
68f44ae7e7a0fc520030fc1e,Yoga Retreat Packages,"Rejuvenate body and mind with immersive yoga retreats in McLeodganj. Set amid the Himalayas, these multi-day programs offer traditional practices, meditation, and serene mountain living for complete spiritual relaxation.",,,Year-round,68f1c03170888f8a3ddf2efc,"State: Himachal Pradesh, City: McLeodganj",2025-10-19T02:20:23.507Z,2025-10-19T02:20:23.507Z
68f44ae7e7a0fc520030fc1f,River Rafting on Beas River,Ride the rapids of the Beas River in Kullu on a full-day white-water rafting expedition. The thrilling journey through scenic valleys and mountain landscapes makes for an unforgettable Himachali adventure.,,,April to June,68d90c36fc0c58520c6cf20d,"State: Himachal Pradesh, City: Kullu",2025-10-19T02:20:23.507Z,2025-10-19T02:20:23.507Z
68f44ae7e7a0fc520030fc20,Trek to Kheerganga,"Set off on a scenic trek from Kasol to Kheerganga, famous for its natural hot springs and mountain views. The guided hike through pine forests and riverside trails is both peaceful and adventurous.",,,"April to June, September to November",68d90c36fc0c58520c6cf20d,"State: Himachal Pradesh, City: Kasol",2025-10-19T02:20:23.507Z,2025-10-19T02:20:23.507Z
68f44ae7e7a0fc520030fc21,Paragliding at Solang Valley,Soar high above Solang Valley and witness the stunning Himalayan landscapes from a bird’s-eye view. Tandem paragliding flights in Manali offer a thrilling mix of adventure and serenity in the crisp mountain air.,,,April to June,68d90c36fc0c58520c6cf20d,"State: Himachal Pradesh, City: Manali",2025-10-19T02:20:23.507Z,2025-10-19T02:20:23.507Z
68f44ae7e7a0fc520030fc22,Camping & Bonfire Experience,"Spend a cozy night under the stars at Dalhousie’s scenic campsites. With tents, bonfires, and local cuisine, it’s an ideal mountain escape for nature lovers and adventure seekers.",,,April to October,68e5e54021c4af9b4a754987,"State: Himachal Pradesh, City: Dalhousie",2025-10-19T02:20:23.507Z,2025-10-19T02:20:23.507Z
68f44ae7e7a0fc520030fc23,Spiti Valley Camping,"Stay amid stark mountain landscapes in Spiti’s scenic camps. With starlit skies, bonfires, and traditional meals, it’s an unforgettable way to experience the raw, untouched beauty of the Himalayas.",,,June to September,68f1c03170888f8a3ddf2efc,"State: Himachal Pradesh, City: Spiti Valley",2025-10-19T02:20:23.507Z,2025-10-19T02:20:23.507Z
68f44ae7e7a0fc520030fc24,Heritage Walk at Kangra Fort,"Step into history with a guided tour of Kangra Fort, one of India’s oldest hill forts. Explore ancient ramparts, temples, and panoramic viewpoints that narrate tales of valor and heritage.",,,October to March,68e5e54021c4af9b4a754983,"State: Himachal Pradesh, City: Kangra",2025-10-19T02:20:23.507Z,2025-10-19T02:20:23.507Z
68f44ae7e7a0fc520030fc25,Shimla Ropeway to Jakhoo Hill,"Take a breathtaking cable car ride from Shimla to Jakhoo Hill for panoramic views of the Himalayas and the hill town below. It’s a short yet scenic adventure, perfect for families and photographers alike.",,,Year-round,68f389c75b1a905ca48c898e,"State: Himachal Pradesh, City: Shimla",2025-10-19T02:20:23.507Z,2025-10-19T02:20:23.507Z
68f44ae7e7a0fc520030fc26,Paragliding at Bir Billing,Take off from the world-famous Bir Billing and glide over the majestic Kangra Valley. The high-altitude flight offers breathtaking Himalayan views and an unmatched adrenaline rush for adventure seekers.,,,"March to June, September to November",68d90c36fc0c58520c6cf20d,"State: Himachal Pradesh, City: Palampur",2025-10-19T02:20:23.507Z,2025-10-19T02:20:23.507Z
68f44ae7e7a0fc520030fc27,Tea Estate Tours,Wander through Palampur’s lush tea gardens on a guided plantation tour. Learn about tea cultivation and enjoy fresh brews while surrounded by the Dhauladhar mountain scenery.,,,October to March,68e5e54021c4af9b4a754987,"State: Himachal Pradesh, City: Palampur",2025-10-19T02:20:23.508Z,2025-10-19T02:20:23.508Z
68f44ae7e7a0fc520030fc28,Light & Sound Show at Kangra Fort,"Witness an evocative light and sound show that brings Kangra’s rich history to life. Set against the backdrop of the fort’s ancient walls, it’s a captivating evening experience for culture enthusiasts.",,,October to March,68e5e54021c4af9b4a754983,"State: Himachal Pradesh, City: Kangra",2025-10-19T02:20:23.508Z,2025-10-19T02:20:23.508Z
68f44ae7e7a0fc520030fc29,Boat Safari on Wular Lake,"Cruise along the vast expanse of Wular Lake on a serene boat safari. Witness migratory birds, wetlands, and Himalayan reflections while exploring one of Asia’s largest freshwater lakes.",,,March to October,68e5e54021c4af9b4a754987,"State: Jammu and Kashmir, City: Anantnag",2025-10-19T02:20:23.508Z,2025-10-19T02:20:23.508Z
68f44ae7e7a0fc520030fc2a,Guided Trek in Aru Valley,"Discover the raw beauty of the Himalayas with a guided trek from Aru Valley. Experienced guides lead you through alpine forests and remote trails, offering a perfect blend of adventure and tranquility.",,,April to October,68d90c36fc0c58520c6cf20d,"State: Jammu and Kashmir, City: Pahalgam",2025-10-19T02:20:23.508Z,2025-10-19T02:20:23.508Z
68f44ae7e7a0fc520030fc2b,Jeep Safari to Chandanwari and Sheshnag,"Embark on a thrilling jeep safari from Pahalgam to the pristine landscapes of Chandanwari and Sheshnag. The winding mountain trails reveal glacial streams, pine forests, and breathtaking Himalayan vistas.",,,April to October,68d90c36fc0c58520c6cf20d,"State: Jammu and Kashmir, City: Pahalgam",2025-10-19T02:20:23.508Z,2025-10-19T02:20:23.508Z
68f44ae7e7a0fc520030fc2c,Cable Car to Zojila Pass,Experience stunning aerial views of Sonamarg’s golden meadows and the mighty Zojila Pass on the upcoming gondola service. This high-altitude journey promises unmatched Himalayan vistas for adventure lovers.,,,Operational dates pending,68f389c75b1a905ca48c898e,"State: Jammu and Kashmir, City: Sonamarg",2025-10-19T02:20:23.508Z,2025-10-19T02:20:23.508Z
68f44ae7e7a0fc520030fc2d,Pony Ride at Betaab & Aru Valleys,Explore Pahalgam’s lush valleys and meadows on a guided pony ride. The short yet scenic journey through Betaab and Aru Valleys is perfect for families and nature enthusiasts alike.,,,April to October,68f389c75b1a905ca48c898e,"State: Jammu and Kashmir, City: Pahalgam",2025-10-19T02:20:23.508Z,2025-10-19T02:20:23.508Z
68f44ae7e7a0fc520030fc2e,River Rafting on Sindh River,Feel the rush of adventure as you raft through the Sindh River’s rapids between Srinagar and Sonamarg. The icy glacial waters and mountain views make this an unforgettable experience for thrill-seekers.,,,May to September,68d90c36fc0c58520c6cf20d,"State: Jammu and Kashmir, City: Srinagar",2025-10-19T02:20:23.508Z,2025-10-19T02:20:23.508Z
68f44ae7e7a0fc520030fc2f,Shikara Ride on Dal Lake,"Glide through the tranquil waters of Dal Lake on a private shikara ride. Admire floating gardens, wooden houseboats, and snow-capped peaks as you experience the timeless charm of Srinagar’s most iconic attraction.",,,Year-round,68e5e54021c4af9b4a754986,"State: Jammu and Kashmir, City: Srinagar",2025-10-19T02:20:23.508Z,2025-10-19T02:20:23.508Z
68f44ae7e7a0fc520030fc30,Golf at Gulmarg Golf Course,"Play a round at one of the highest golf courses in the world, set amidst alpine meadows and snow-tipped peaks. The lush green fairways of Gulmarg offer a peaceful yet challenging golfing experience.",,,April to October,68f389c75b1a905ca48c898e,"State: Jammu and Kashmir, City: Gulmarg",2025-10-19T02:20:23.508Z,2025-10-19T02:20:23.508Z
68f44ae7e7a0fc520030fc31,Pony Rides through Pine Forests,Ride through Yusmarg’s whispering pine forests on horseback for a peaceful countryside experience. The short journey offers pristine mountain air and panoramic meadow views.,,,April to November,68f389c75b1a905ca48c898e,"State: Jammu and Kashmir, City: Yusmarg",2025-10-19T02:20:23.508Z,2025-10-19T02:20:23.508Z
68f44ae7e7a0fc520030fc32,Wildlife Safari at Dachigam National Park,"Set off on a jeep safari in Dachigam National Park near Srinagar, home to the endangered hangul deer. Explore dense forests, crystal streams, and tranquil mountain trails rich in biodiversity.",,,April to October,68e5e54021c4af9b4a754987,"State: Jammu and Kashmir, City: Srinagar",2025-10-19T02:20:23.508Z,2025-10-19T02:20:23.508Z
68f44ae7e7a0fc520030fc33,Gondola Cable Car Ride,"Soar high above pine forests and snowfields on the Gulmarg Gondola, one of the world’s highest cable cars. The ride offers breathtaking Himalayan panoramas up to Apharwat Peak, ideal for both sightseeing and adventure lovers.",,,"April to June, December to February",68f389c75b1a905ca48c898e,"State: Jammu and Kashmir, City: Gulmarg",2025-10-19T02:20:23.508Z,2025-10-19T02:20:23.508Z
68f44ae7e7a0fc520030fc34,Camping & Stargazing in Nubra Valley,"Spend a magical night under the starlit sky at desert camps in Nubra Valley. With bonfires, local cuisine, and panoramic views of the Himalayas, this camping experience blends comfort and cosmic wonder.",,,May to September,68e5e54021c4af9b4a754987,"State: Jammu and Kashmir, City: Leh",2025-10-19T02:20:23.508Z,2025-10-19T02:20:23.508Z
68f44ae7e7a0fc520030fc35,Houseboat Stay,"Stay overnight on Srinagar’s legendary wooden houseboats for a truly Kashmiri experience. Surrounded by misty waters and serene mountain views, these stays blend comfort, local cuisine, and heritage ambiance.",,,April to October,68f389c75b1a905ca48c898e,"State: Jammu and Kashmir, City: Srinagar",2025-10-19T02:20:23.508Z,2025-10-19T02:20:23.508Z
68f44ae7e7a0fc520030fc36,All-Weather Road Jeep Tour,"Take a guided jeep tour through Kargil’s dramatic landscapes, covering the Drass War Memorial and the scenic Suru Valley. This full-day adventure reveals the region’s history, courage, and rugged beauty.",,,May to September,68f389c75b1a905ca48c898e,"State: Jammu and Kashmir, City: Kargil",2025-10-19T02:20:23.508Z,2025-10-19T02:20:23.508Z
68f44ae7e7a0fc520030fc37,Helicopter Service to Vaishno Devi,Take a short helicopter flight from Jammu to Bhairon Ghati for a convenient and scenic journey to Vaishno Devi. The aerial view of the Trikuta Hills adds to the spiritual experience.,,,Year-round,68f1c03170888f8a3ddf2efc,"State: Jammu and Kashmir, City: Jammu",2025-10-19T02:20:23.508Z,2025-10-19T02:20:23.508Z
68f44ae7e7a0fc520030fc38,Skiing Lessons,"Take professional skiing lessons on the powdery slopes of Apharwat in Gulmarg. With experienced instructors, it’s a thrilling way to experience the Himalayas while mastering balance, speed, and confidence on snow.",,,January to March,68e5e54021c4af9b4a754987,"State: Jammu and Kashmir, City: Gulmarg",2025-10-19T02:20:23.508Z,2025-10-19T02:20:23.508Z
68f44ae7e7a0fc520030fc39,Spa & Ayurveda Retreats,"Unwind with rejuvenating spa and ayurveda therapies at serene resorts around Dal Lake. Combining traditional healing with Himalayan tranquility, it’s an ideal way to relax body and soul.",,,Year-round,68e5e54021c4af9b4a754983,"State: Jammu and Kashmir, City: Srinagar",2025-10-19T02:20:23.508Z,2025-10-19T02:20:23.508Z
68f44ae7e7a0fc520030fc3a,Cultural Heritage Walks,"Walk through Jammu’s historic quarters on guided tours that explore Mubarak Mandi Palace, temples, and lively bazaars. Discover the stories and traditions that shaped this ancient city.",,,October to March,68e5e54021c4af9b4a754986,"State: Jammu and Kashmir, City: Jammu",2025-10-19T02:20:23.508Z,2025-10-19T02:20:23.508Z
68f44ae7e7a0fc520030fc3b,Tragedy 1971 Light & Sound Show,"Witness an evocative light and sound show dramatizing the 1971 war at Kashmir University. The evening performance brings history alive through narration, lights, and music against a scenic backdrop.",,,April to October,68e5e54021c4af9b4a754983,"State: Jammu and Kashmir, City: Kashmir",2025-10-19T02:20:23.508Z,2025-10-19T02:20:23.508Z
68f44ae7e7a0fc520030fc3c,Rock Climbing & Rappelling,"Challenge yourself with thrilling rock climbing and rappelling sessions on the rugged cliffs of Tagore Hill in Ranchi. Under expert supervision, adventurers can enjoy panoramic city views while testing their endurance and skill on natural rock formations.",,,October to March,68e5e54021c4af9b4a754987,"State: Jharkhand, City: Ranchi",2025-10-19T02:20:23.508Z,2025-10-19T02:20:23.508Z
68f44ae7e7a0fc520030fc3d,Dalma Wildlife Sanctuary Safari,"Embark on a jeep safari through Dalma Wildlife Sanctuary near Jamshedpur. Traverse forested hills to spot elephants, deer, and rare birds while enjoying the peaceful rhythm of Jharkhand’s wilderness.",,,November to March,68e5e54021c4af9b4a754987,"State: Jharkhand, City: Jamshedpur",2025-10-19T02:20:23.508Z,2025-10-19T02:20:23.508Z
68f44ae7e7a0fc520030fc3e,Boating at Nakshatra Van,"Enjoy a relaxing boating experience on Kanke Dam surrounded by lush greenery in Ranchi. Choose between paddle or motorboats for a scenic ride that blends calm waters, gentle breezes, and serene views of the landscaped park.",,,October to February,68e5e54021c4af9b4a754987,"State: Jharkhand, City: Ranchi",2025-10-19T02:20:23.508Z,2025-10-19T02:20:23.508Z
68f44ae7e7a0fc520030fc3f,Guided Coal Mine Visit,"Experience Dhanbad’s industrial legacy with a guided coal mine tour. Equipped with safety gear, visitors get an educational and eye-opening look at India’s coal capital and the lives of its miners.",,,Year-round,68f389c75b1a905ca48c898e,"State: Jharkhand, City: Dhanbad",2025-10-19T02:20:23.508Z,2025-10-19T02:20:23.508Z
68f44ae7e7a0fc520030fc40,Hazaribagh National Park Safari,"Go on a guided jeep safari through Hazaribagh National Park to witness herds of deer, langurs, and vibrant birdlife. The dense sal forests and tranquil lakes create a memorable wildlife experience.",,,November to April,68e5e54021c4af9b4a754987,"State: Jharkhand, City: Hazaribagh",2025-10-19T02:20:23.509Z,2025-10-19T02:20:23.509Z
68f44ae7e7a0fc520030fc41,Tribal Village Homestays,"Immerse yourself in Jharkhand’s tribal culture through authentic homestays in Hazaribagh villages. Guests enjoy traditional meals, folk art demonstrations, and genuine hospitality while experiencing the region’s rural charm.",,,October to March,68e5e54021c4af9b4a754986,"State: Jharkhand, City: Hazaribagh",2025-10-19T02:20:23.509Z,2025-10-19T02:20:23.509Z
68f44ae7e7a0fc520030fc42,Waterfall Trek & Camp,"Join a guided trek to Joychandi Pahar near Bokaro and camp overnight amid nature’s calm. This adventure combines hiking, bonfires, and starlit skies for an unforgettable outdoor escape.",,,October to March,68d90c36fc0c58520c6cf20d,"State: Jharkhand, City: Bokaro",2025-10-19T02:20:23.509Z,2025-10-19T02:20:23.509Z
68f44ae7e7a0fc520030fc43,Helicopter Joy Rides,Take a thrilling helicopter ride over Deoghar for panoramic views of Baidyanath Temple and the surrounding hills. This short flight offers a unique aerial perspective of one of India’s most sacred pilgrimage towns.,,,October to February,68d90c36fc0c58520c6cf20d,"State: Jharkhand, City: Deoghar",2025-10-19T02:20:23.509Z,2025-10-19T02:20:23.509Z
68f44ae7e7a0fc520030fc44,Rock Festival Adventure Sports,Test your limits at Giridih’s Parasnath foothills with adventure sports like zip-lining and rock milling. The rugged terrain and festival energy make it a hotspot for thrill-seekers and nature lovers.,,,October to May,68d90c36fc0c58520c6cf20d,"State: Jharkhand, City: Giridih",2025-10-19T02:20:23.509Z,2025-10-19T02:20:23.509Z
68f44ae7e7a0fc520030fc45,Parasnath Trek & Jain Temple Tour,"Undertake a spiritually uplifting trek to Parasnath Hill, one of Jainism’s holiest sites. The guided journey weaves through scenic trails, ancient temples, and serene forests, offering both devotion and discovery.",,,October to March,68d90c36fc0c58520c6cf20d,"State: Jharkhand, City: Giridih",2025-10-19T02:20:23.509Z,2025-10-19T02:20:23.509Z
68f44ae7e7a0fc520030fc46,Heritage Walking Tours,"Walk through the industrial and cultural heritage of Jamshedpur on guided tours that cover Tata Steel landmarks, Jubilee Park, and colonial-era neighborhoods. These walks beautifully blend history, innovation, and greenery in India’s first planned city.",,,October to March,68e5e54021c4af9b4a754983,"State: Jharkhand, City: Jamshedpur",2025-10-19T02:20:23.509Z,2025-10-19T02:20:23.509Z
68f44ae7e7a0fc520030fc47,Kaup Lighthouse Entry & Beach Safari,"Climb to the top of Kaup Lighthouse for panoramic ocean views, followed by an adventurous ATV ride along the golden sands. It’s a perfect blend of sightseeing and beachside fun near Mangaluru.",,,October to March,68e5e54021c4af9b4a754987,"State: Karnataka, City: Mangaluru",2025-10-19T02:20:23.509Z,2025-10-19T02:20:23.509Z
68f44ae7e7a0fc520030fc48,Guided Cave Temple Tours,"Delve into Badami’s rock-cut cave temples with a knowledgeable guide who brings history and mythology to life. Admire ancient carvings, intricate sculptures, and stunning cliffside views.",,,October to March,68f1c03170888f8a3ddf2efc,"State: Karnataka, City: Badami",2025-10-19T02:20:23.509Z,2025-10-19T02:20:23.509Z
68f44ae7e7a0fc520030fc49,Heritage Walking Tours,"Discover Bengaluru’s regal past on a guided heritage walk through Vidhana Soudha, Cubbon Park, and Tipu Sultan’s Summer Palace. The tour offers an engaging mix of history, architecture, and local stories that reveal the city’s cultural evolution.",,,October to March,68e5e54021c4af9b4a754983,"State: Karnataka, City: Bengaluru",2025-10-19T02:20:23.509Z,2025-10-19T02:20:23.509Z
68f44ae7e7a0fc520030fc4a,Gokarna Beach Water Sports,"Dive into excitement with water sports like banana boat rides, jet skiing, and parasailing at Gokarna’s pristine beaches. The turquoise waters and golden sands promise endless coastal fun.",,,October to March,68d90c36fc0c58520c6cf20d,"State: Karnataka, City: Gokarna",2025-10-19T02:20:23.509Z,2025-10-19T02:20:23.509Z
68f44ae7e7a0fc520030fc4b,Chikmagalur Trek & Homestay Packages,"Embark on guided treks to Mullayanagiri, Karnataka’s highest peak, and unwind in cozy homestays amid coffee plantations. The experience blends adventure, local hospitality, and mountain serenity.",,,October to May,68d90c36fc0c58520c6cf20d,"State: Karnataka, City: Chikmagalur",2025-10-19T02:20:23.509Z,2025-10-19T02:20:23.509Z
68f44ae7e7a0fc520030fc4c,Bidar Camel Safari,Experience Bidar’s royal past with a leisurely camel ride around its majestic fort precinct. The gentle ride offers panoramic views and a nostalgic taste of traditional desert travel.,,,October to March,68d90c36fc0c58520c6cf20d,"State: Karnataka, City: Bidar",2025-10-19T02:20:23.509Z,2025-10-19T02:20:23.509Z
68f44ae7e7a0fc520030fc4d,Mysuru Zoo Night Safari,"Experience the thrill of wildlife after dark on a guided jeep safari through Mysuru Zoo. This rare night adventure reveals the nocturnal side of animals in a safe, conservation-focused environment.",,,November to February,68d90c36fc0c58520c6cf20d,"State: Karnataka, City: Mysuru",2025-10-19T02:20:23.509Z,2025-10-19T02:20:23.509Z
68f44ae7e7a0fc520030fc4e,Heritage Bicycle Tours,"Explore the magnificent ruins of Hampi on an early morning e-bike tour. Ride past ancient temples, stone carvings, and lush banana plantations while soaking in the region’s timeless charm.",,,October to February,68e5e54021c4af9b4a754983,"State: Karnataka, City: Hampi",2025-10-19T02:20:23.509Z,2025-10-19T02:20:23.509Z
68f44ae7e7a0fc520030fc4f,Scuba Diving & Snorkeling,"Explore the underwater world off Gokarna’s coast with guided scuba and snorkeling sessions. Discover colorful reefs, marine life, and crystal-clear waters in a serene diving experience.",,,October to May,68d90c36fc0c58520c6cf20d,"State: Karnataka, City: Gokarna",2025-10-19T02:20:23.509Z,2025-10-19T02:20:23.509Z
68f44ae7e7a0fc520030fc50,Hot Air Balloon Ride,"Float above Karnataka’s countryside at sunrise on a serene hot air balloon ride near Bengaluru. Enjoy panoramic views of farmlands, lakes, and rolling hills as the morning light paints the sky in golden hues.",,,October to February,68d90c36fc0c58520c6cf20d,"State: Karnataka, City: Bengaluru",2025-10-19T02:20:23.510Z,2025-10-19T02:20:23.510Z
68f44ae7e7a0fc520030fc51,Coracle Rides on Tungabhadra River,"Glide gently across the Tungabhadra River in traditional round coracles, surrounded by Hampi’s boulder-strewn landscape and ancient ruins. This peaceful ride offers a unique perspective of the heritage site.",,,October to March,68f389c75b1a905ca48c898e,"State: Karnataka, City: Hampi",2025-10-19T02:20:23.510Z,2025-10-19T02:20:23.510Z
68f44ae7e7a0fc520030fc52,White-Water Rafting on Barapole River,Paddle through the rapids of the Barapole River for an adrenaline-pumping white-water rafting experience. The scenic Western Ghats backdrop adds thrill and beauty to this half-day adventure.,,,October to May,68d90c36fc0c58520c6cf20d,"State: Karnataka, City: Coorg (Kodagu)",2025-10-19T02:20:23.510Z,2025-10-19T02:20:23.510Z
68f44ae7e7a0fc520030fc53,Chamundi Hill Ropeway,"Ride the cable car up Chamundi Hill for sweeping views of Mysuru city and the iconic temple at its summit. The short but scenic journey offers a mix of adventure, spirituality, and stunning panoramas.",,,Year-round,68f389c75b1a905ca48c898e,"State: Karnataka, City: Mysuru",2025-10-19T02:20:23.510Z,2025-10-19T02:20:23.510Z
68f44ae7e7a0fc520030fc54,Bengaluru Food Walks,"Savor the flavors of South India on an evening food trail through VV Puram’s buzzing street stalls. From crispy dosas to sweet holige, this guided experience immerses you in the aromas and tastes of Karnataka’s culinary capital.",,,Year-round,68f1c03170888f8a3ddf2ef8,"State: Karnataka, City: Bengaluru",2025-10-19T02:20:23.510Z,2025-10-19T02:20:23.510Z
68f44ae7e7a0fc520030fc55,Sunrise Trek & Jeep Safari,Set off on an early morning trek through Badami’s rugged hills followed by a scenic jeep safari. Watch the sunrise illuminate sandstone cliffs and ancient ruins for a breathtaking experience.,,,October to March,68e5e54021c4af9b4a754983,"State: Karnataka, City: Badami",2025-10-19T02:20:23.510Z,2025-10-19T02:20:23.510Z
68f44ae7e7a0fc520030fc56,Dolphin and Island Cruise,"Set sail on a thrilling speedboat ride from Udupi to St. Mary’s Island, spotting playful dolphins along the way. The experience offers a mix of marine life, adventure, and scenic coastal beauty.",,,November to March,68e5e54021c4af9b4a754987,"State: Karnataka, City: Udupi",2025-10-19T02:20:23.510Z,2025-10-19T02:20:23.510Z
68f44ae7e7a0fc520030fc57,St. Mary’s Island Boat Cruise,Take a boat trip from Mangaluru to the unique basalt-rock formations of St. Mary’s Island. The turquoise waters and palm-fringed shores make this coastal cruise a refreshing tropical escape.,,,October to April,68d90c36fc0c58520c6cf20d,"State: Karnataka, City: Mangaluru",2025-10-19T02:20:23.510Z,2025-10-19T02:20:23.510Z
68f44ae7e7a0fc520030fc58,Heritage Walk & Boat Ride,"Walk through the historic Bidar Fort and Bahmani tombs before enjoying a peaceful boat ride along ancient canals. This guided tour blends history, architecture, and quiet natural beauty.",,,October to March,68e5e54021c4af9b4a754983,"State: Karnataka, City: Bidar",2025-10-19T02:20:23.510Z,2025-10-19T02:20:23.510Z
68f44ae7e7a0fc520030fc59,Coorg Coffee Plantation Tour,Wander through Coorg’s aromatic coffee estates with a local guide who reveals the secrets of bean cultivation and processing. Sample fresh brews amid lush hills and misty plantations.,,,October to April,68e5e54021c4af9b4a754986,"State: Karnataka, City: Coorg (Kodagu)",2025-10-19T02:20:23.510Z,2025-10-19T02:20:23.510Z
68f44ae7e7a0fc520030fc5a,Wildlife Boat Safari,"Cruise through Periyar Lake on an early morning boat safari to spot elephants, deer, and exotic birds in their natural habitat. The calm waters and misty forest backdrop create a tranquil wildlife experience.",,,October to March,68e5e54021c4af9b4a754987,"State: Kerala, City: Thekkady",2025-10-19T02:20:23.510Z,2025-10-19T02:20:23.510Z
68f44ae7e7a0fc520030fc5b,Backwater Village Cycling,"Cycle through narrow village roads, coconut groves, and canals in Kumarakom. This guided tour offers a charming glimpse into backwater life, complete with fresh air and scenic countryside views.",,,October to February,68e5e54021c4af9b4a754987,"State: Kerala, City: Kumarakom",2025-10-19T02:20:23.510Z,2025-10-19T02:20:23.510Z
68f44ae7e7a0fc520030fc5c,Kerala Houseboat Stay,"Drift along the serene backwaters of Alappuzha on a traditional houseboat. Enjoy freshly cooked meals, scenic villages, and mirror-like lagoons during this peaceful overnight experience on Kerala’s iconic waters.",,,October to February,68f389c75b1a905ca48c898e,"State: Kerala, City: Alappuzha (Alleppey)",2025-10-19T02:20:23.510Z,2025-10-19T02:20:23.510Z
68f44ae7e7a0fc520030fc5d,Wildlife Safari,"Embark on a jeep safari through Wayanad Wildlife Sanctuary to spot elephants, deer, and exotic birds. The dense forests and misty hills promise an exciting and scenic adventure.",,,October to March,68e5e54021c4af9b4a754987,"State: Kerala, City: Wayanad",2025-10-19T02:20:23.510Z,2025-10-19T02:20:23.510Z
68f44ae7e7a0fc520030fc5e,Cycling Tour of Fort Kochi,"Explore Fort Kochi’s colonial streets and waterfronts on a guided cycling tour. Discover Dutch-era architecture, historic churches, and vibrant street art while pedaling through Kerala’s cultural gem.",,,October to March,68d90c36fc0c58520c6cf20d,"State: Kerala, City: Kochi",2025-10-19T02:20:23.510Z,2025-10-19T02:20:23.510Z
68f44ae7e7a0fc520030fc5f,Spice Plantation Guided Tour,"Explore the aromatic world of Kerala’s spice plantations on a guided walk. Learn about cardamom, pepper, and cloves, and experience the earthy charm of tropical farms set amid lush greenery.",,,October to March,68f389c75b1a905ca48c898e,"State: Kerala, City: Munnar",2025-10-19T02:20:23.511Z,2025-10-19T02:20:23.511Z
68f44ae7e7a0fc520030fc60,Sunset Beach Cruise,"Glide across Kovalam’s backwaters as the sun sets over the Arabian Sea. This relaxing cruise offers golden views, gentle breezes, and a serene escape from the bustle of city life.",,,Year-round,68e5e54021c4af9b4a754987,"State: Kerala, City: Kovalam",2025-10-19T02:20:23.511Z,2025-10-19T02:20:23.511Z
68f44ae7e7a0fc520030fc61,Bamboo Rafting,"Glide silently across Periyar Lake on a bamboo raft, surrounded by dense forests and mountain scenery. It’s a peaceful adventure combining wildlife viewing and eco-friendly exploration.",,,October to March,68d90c36fc0c58520c6cf20d,"State: Kerala, City: Thekkady",2025-10-19T02:20:23.511Z,2025-10-19T02:20:23.511Z
68f44ae7e7a0fc520030fc62,Chembra Peak Trek,"Hike to the heart-shaped lake atop Chembra Peak for sweeping views of Wayanad’s hills. This guided trek offers a blend of natural beauty, challenge, and serenity.",,,October to May,68d90c36fc0c58520c6cf20d,"State: Kerala, City: Wayanad",2025-10-19T02:20:23.511Z,2025-10-19T02:20:23.511Z
68f44ae7e7a0fc520030fc63,Kerala Cooking Class,"Join a hands-on cooking session to learn authentic Kerala recipes. Guided by local chefs, you’ll master traditional vegetarian dishes rich in coconut and spice, perfect for food enthusiasts.",,,Year-round,68f1c03170888f8a3ddf2ef8,"State: Kerala, City: Thiruvananthapuram",2025-10-19T02:20:23.512Z,2025-10-19T02:20:23.512Z
68f44ae7e7a0fc520030fc64,Surfing Lessons,Learn to ride the Arabian Sea waves with guided surfing sessions in Kovalam. Gentle tides and sandy beaches make it an ideal spot for beginners seeking adventure on the water.,,,October to April,68f389c75b1a905ca48c898e,"State: Kerala, City: Kovalam",2025-10-19T02:20:23.512Z,2025-10-19T02:20:23.512Z
68f44ae7e7a0fc520030fc65,Kayaking in Backwaters,Paddle through narrow canals and hidden lagoons to experience village life up close. Kayaking in Alappuzha offers an intimate look at Kerala’s serene waterways surrounded by coconut groves and bird calls.,,,October to March,68d90c36fc0c58520c6cf20d,"State: Kerala, City: Alappuzha (Alleppey)",2025-10-19T02:20:23.512Z,2025-10-19T02:20:23.512Z
68f44ae7e7a0fc520030fc66,Varkala Cliff Yoga Session,Rejuvenate your body and mind with a yoga session overlooking Varkala’s sea cliffs. The rhythmic waves and soft ocean breeze create an inspiring setting for self-reflection and relaxation.,,,October to March,68f389c75b1a905ca48c898e,"State: Kerala, City: Varkala",2025-10-19T02:20:23.512Z,2025-10-19T02:20:23.512Z
68f44ae7e7a0fc520030fc67,Munnar ATV Adventure,Ride through rugged mountain trails and misty plantations on an all-terrain vehicle. This thrilling off-road experience combines adrenaline and panoramic views of Munnar’s breathtaking landscape.,,,October to May,68f1c03170888f8a3ddf2efc,"State: Kerala, City: Munnar",2025-10-19T02:20:23.512Z,2025-10-19T02:20:23.512Z
68f44ae7e7a0fc520030fc68,Backwater Sunset Cruise,"Sail through Kochi’s tranquil canals as the sky turns golden at dusk. This relaxing boat ride offers stunning views of palm-lined waterways and the local way of life, making it a perfect way to end your day in the city.",,,October to May,68e5e54021c4af9b4a754987,"State: Kerala, City: Kochi",2025-10-19T02:20:23.512Z,2025-10-19T02:20:23.512Z
68f44ae7e7a0fc520030fc69,Zipline & Ropeway,Soar above tea estates and valleys on an exhilarating zipline or ropeway ride in Munnar. The bird’s-eye view of lush hills and cool winds make it a memorable adventure for nature lovers.,,,October to May,68d90c36fc0c58520c6cf20d,"State: Kerala, City: Munnar",2025-10-19T02:20:23.512Z,2025-10-19T02:20:23.512Z
68f44ae7e7a0fc520030fc6a,Paragliding from Varkala Cliffs,Soar above Varkala’s stunning cliffs and turquoise coastline on a tandem paragliding flight. The sweeping ocean views and cool breeze make this an unforgettable coastal adventure.,,,October to March,68d90c36fc0c58520c6cf20d,"State: Kerala, City: Varkala",2025-10-19T02:20:23.512Z,2025-10-19T02:20:23.512Z
68f44ae7e7a0fc520030fc6b,Beach Camping,"Spend a night under the stars on Varkala’s beach with tents, bonfires, and sea sounds. This cozy camping experience blends adventure with serene coastal beauty.",,,November to February,68e5e54021c4af9b4a754987,"State: Kerala, City: Varkala",2025-10-19T02:20:23.513Z,2025-10-19T02:20:23.513Z
68f44ae7e7a0fc520030fc6c,Bird Watching Boat Trip,"Take a dawn boat trip through Kumarakom Bird Sanctuary to witness migratory species like herons, egrets, and Siberian cranes. The peaceful waters and morning light make it a birdwatcher’s paradise.",,,November to February,68e5e54021c4af9b4a754987,"State: Kerala, City: Kumarakom",2025-10-19T02:20:23.513Z,2025-10-19T02:20:23.513Z
68f44ae7e7a0fc520030fc6d,Tea Estate Trek & Plantation Walk,Walk through the emerald-green tea gardens of Munnar with a guide who reveals the secrets of tea cultivation. The rolling hills and fresh mountain air make it a rejuvenating outdoor experience.,,,October to April,68e5e54021c4af9b4a754987,"State: Kerala, City: Munnar",2025-10-19T02:20:23.513Z,2025-10-19T02:20:23.513Z
68f44ae7e7a0fc520030fc6e,Forest Canopy Walk,"Walk through the treetops of Wayanad on an elevated canopy walkway. Surrounded by rainforest sounds and lush greenery, it’s a peaceful way to appreciate Kerala’s wild beauty from above.",,,October to May,68e5e54021c4af9b4a754987,"State: Kerala, City: Wayanad",2025-10-19T02:20:23.513Z,2025-10-19T02:20:23.513Z
68f44ae7e7a0fc520030fc6f,Kathakali Performance,"Witness Kerala’s classical dance-drama, Kathakali, known for its colorful costumes, expressive gestures, and mythological storytelling. The one-and-a-half-hour show offers a deep dive into the region’s cultural soul and artistic heritage.",,,Year-round,68e5e54021c4af9b4a754986,"State: Kerala, City: Kochi",2025-10-19T02:20:23.513Z,2025-10-19T02:20:23.513Z
68f44ae7e7a0fc520030fc70,Photography Tour,"Capture Ladakh’s raw beauty on a guided photography tour covering sunrise at Pangong and sunset over Leh’s landscapes. Perfect for enthusiasts, it offers expert guidance and access to the region’s most picturesque locations.",,,May to October,68e5e54021c4af9b4a754983,"State: Ladakh, City: Leh",2025-10-19T02:20:23.513Z,2025-10-19T02:20:23.513Z
68f44ae7e7a0fc520030fc71,Jeep Safari to Pangong Lake,"Embark on a thrilling jeep safari from Nubra to Pangong, crossing high passes and remote villages. The journey offers panoramic views, monasteries, and breathtaking landscapes that capture the wild spirit of Ladakh.",,,May to October,68d90c36fc0c58520c6cf20d,"State: Ladakh, City: Nubra Valley",2025-10-19T02:20:23.513Z,2025-10-19T02:20:23.513Z
68f44ae7e7a0fc520030fc72,River Rafting on Indus & Zanskar Rivers,"Experience the thrill of rafting through the dramatic gorges of the Indus and Zanskar Rivers. With routes ranging from gentle to adventurous, the icy waters and scenic valleys offer an unforgettable mix of adrenaline and Himalayan beauty.",,,June to September,68d90c36fc0c58520c6cf20d,"State: Ladakh, City: Leh",2025-10-19T02:20:23.513Z,2025-10-19T02:20:23.513Z
68f44ae7e7a0fc520030fc73,Guided Monastery Tour,"Explore the ancient monasteries of Alchi and Hemis with a knowledgeable guide who brings their art, architecture, and spirituality to life. The serene atmosphere and vibrant frescoes offer a deep connection to Ladakh’s Buddhist heritage.",,,Year-round,68f1c03170888f8a3ddf2efc,"State: Ladakh, City: Alchi",2025-10-19T02:20:23.513Z,2025-10-19T02:20:23.513Z
68f44ae7e7a0fc520030fc74,Star-Gazing Camp,"Join a stargazing camp on the outskirts of Leh and witness one of the clearest night skies in the world. With telescopes and guided astronomy sessions, it’s a magical experience for travelers and dreamers alike.",,,April to October,68d90c36fc0c58520c6cf20d,"State: Ladakh, City: Leh",2025-10-19T02:20:23.513Z,2025-10-19T02:20:23.513Z
68f44ae7e7a0fc520030fc75,Kayaking on Pangong Lake,Paddle across the tranquil blue waters of Pangong Lake surrounded by towering peaks. The calm surface and cool breeze create a meditative adventure that lets you connect deeply with the lake’s serene beauty.,,,June to September,68d90c36fc0c58520c6cf20d,"State: Ladakh, City: Pangong Lake",2025-10-19T02:20:23.513Z,2025-10-19T02:20:23.513Z
68f44ae7e7a0fc520030fc76,Bactrian Camel Safari,"Ride the unique double-humped Bactrian camels across the golden sand dunes of Hunder. Once part of the ancient Silk Route, this gentle desert safari combines culture, landscape, and the rare charm of Ladakh’s high-altitude cold desert.",,,June to September,68d90c36fc0c58520c6cf20d,"State: Ladakh, City: Nubra Valley",2025-10-19T02:20:23.513Z,2025-10-19T02:20:23.513Z
68f44ae7e7a0fc520030fc77,Mountain Biking,"Ride through rugged trails and mountain passes on a guided biking adventure from Leh. The combination of steep descents, remote landscapes, and crisp mountain air makes this a thrilling way to explore Ladakh’s natural beauty.",,,May to September,68d90c36fc0c58520c6cf20d,"State: Ladakh, City: Leh",2025-10-19T02:20:23.513Z,2025-10-19T02:20:23.513Z
68f44ae7e7a0fc520030fc78,Helicopter Joy Ride,"Soar over Leh Valley and Khardung La on a scenic helicopter flight that reveals Ladakh’s surreal terrain from above. Snow-clad peaks, deep valleys, and glistening rivers make this short ride an unforgettable aerial adventure.",,,April to September,68d90c36fc0c58520c6cf20d,"State: Ladakh, City: Leh",2025-10-19T02:20:23.513Z,2025-10-19T02:20:23.513Z
68f44ae7e7a0fc520030fc79,Overnight Camping by Pangong Lake,"Spend a night under a million stars on the shores of Pangong Lake. The shimmering blue waters, crisp mountain air, and peaceful tents with bonfires create a once-in-a-lifetime Himalayan camping experience.",,,April to October,68d90c36fc0c58520c6cf20d,"State: Ladakh, City: Pangong Lake",2025-10-19T02:20:23.513Z,2025-10-19T02:20:23.513Z
68f44ae7e7a0fc520030fc7a,Night Snorkeling,"Discover the ocean’s nocturnal charm with a guided night snorkeling experience in Bangaram. Swim under the moonlight as bioluminescent plankton glow around you, offering a surreal and unforgettable view of the reef after dark.",,,October to March,68e5e54021c4af9b4a754983,"State: Lakshadweep, City: Bangaram",2025-10-19T02:20:23.513Z,2025-10-19T02:20:23.513Z
68f44ae7e7a0fc520030fc7b,Scuba Diving,"Dive into the crystal-clear waters of Kavaratti and explore vibrant coral gardens teeming with tropical fish. Guided by certified instructors, this underwater adventure lets you witness the untouched beauty of Lakshadweep’s marine world up close.",,,October to April,68d90c36fc0c58520c6cf20d,"State: Lakshadweep, City: Kavaratti",2025-10-19T02:20:23.513Z,2025-10-19T02:20:23.513Z
68f44ae7e7a0fc520030fc7c,Snorkeling,"Experience Kavaratti’s turquoise lagoon with a snorkeling session that brings you face-to-face with colorful corals and exotic marine species. Perfect for beginners, it’s an easy and refreshing way to discover the island’s aquatic treasures.",,,October to April,68d90c36fc0c58520c6cf20d,"State: Lakshadweep, City: Kavaratti",2025-10-19T02:20:23.513Z,2025-10-19T02:20:23.513Z
68f44ae7e7a0fc520030fc7d,Guided Island Hopping Tour,"Explore the stunning islands of Kavaratti and Agatti on a guided day tour. Cruise between atolls, enjoy a beachside picnic, and soak in breathtaking views of lagoons and reefs that define Lakshadweep’s tropical charm.",,,October to March,68f389c75b1a905ca48c898e,"State: Lakshadweep, City: Kavaratti",2025-10-19T02:20:23.513Z,2025-10-19T02:20:23.513Z
68f44ae7e7a0fc520030fc7e,Glass-Bottom Boat Ride,"Glide over Agatti’s coral reefs on a glass-bottom boat and watch the underwater world unfold beneath you. Ideal for families and non-swimmers, this short cruise offers mesmerizing views of marine life without getting wet.",,,Year-round,68e5e54021c4af9b4a754987,"State: Lakshadweep, City: Agatti",2025-10-19T02:20:23.513Z,2025-10-19T02:20:23.513Z
68f44ae7e7a0fc520030fc7f,Fishing Excursion,"Join local fishermen on a traditional boat and experience reef fishing in Kalpeni’s clear lagoon. The trip offers hands-on fun, panoramic sea views, and a glimpse into the island’s age-old maritime lifestyle.",,,November to April,68f389c75b1a905ca48c898e,"State: Lakshadweep, City: Kalpeni",2025-10-19T02:20:23.513Z,2025-10-19T02:20:23.513Z
68f44ae7e7a0fc520030fc80,Kayaking,"Paddle across Minicoy’s calm turquoise lagoon on a single or double kayak. Surrounded by palm-lined shores and coral formations, this peaceful activity lets you soak in the island’s serenity at your own pace.",,,October to May,68d90c36fc0c58520c6cf20d,"State: Lakshadweep, City: Minicoy",2025-10-19T02:20:23.513Z,2025-10-19T02:20:23.513Z
68f44ae7e7a0fc520030fc81,Glass-Bottom Canoe Ride,Paddle through Bangaram’s coral lagoons in a transparent canoe and watch the vibrant reef world below. This peaceful and eco-friendly activity combines adventure with a mesmerizing window into the island’s marine paradise.,,,October to May,68e5e54021c4af9b4a754987,"State: Lakshadweep, City: Bangaram",2025-10-19T02:20:23.513Z,2025-10-19T02:20:23.513Z
68f44ae7e7a0fc520030fc82,Sunset Dolphin Cruise,"Set sail on a serene evening cruise around Andrott to watch playful dolphins leap across golden waters. As the sun dips below the horizon, the ocean comes alive with stunning colors and marine charm.",,,November to March,68e5e54021c4af9b4a754987,"State: Lakshadweep, City: Andrott",2025-10-19T02:20:23.514Z,2025-10-19T02:20:23.514Z
68f44ae7e7a0fc520030fc83,Sea Walking,"Take a walk on the ocean floor at Kadmat with a special helmet that lets you breathe underwater. This unique experience offers a close encounter with colorful corals and curious fish, perfect for non-divers seeking marine adventure.",,,October to April,68d90c36fc0c58520c6cf20d,"State: Lakshadweep, City: Kadmat",2025-10-19T02:20:23.514Z,2025-10-19T02:20:23.514Z
68f44ae7e7a0fc520030fc84,Chambal River Safari,"Cruise along the serene Chambal River on a wildlife safari, spotting rare gharials, river dolphins, and migratory birds. This eco-friendly adventure near Gwalior offers breathtaking scenery and rich biodiversity for nature lovers.",,,November to April,68e5e54021c4af9b4a754987,"State: Madhya Pradesh, City: Gwalior",2025-10-19T02:20:23.514Z,2025-10-19T02:20:23.514Z
68f44ae7e7a0fc520030fc85,Cultural Heritage Walk,"Discover Indore’s vibrant soul through a guided heritage walk across the Old City and Sarafa Bazaar. Sample traditional street foods, admire architectural gems, and hear captivating stories from the city’s glorious past.",,,October to March,68e5e54021c4af9b4a754986,"State: Madhya Pradesh, City: Indore",2025-10-19T02:20:23.514Z,2025-10-19T02:20:23.514Z
68f44ae7e7a0fc520030fc86,Forest Safari and Camping,"Embark on a guided jeep safari through Satpura’s dense forests, followed by camping under the stars. Encounter wildlife, serene waterfalls, and untouched wilderness in one of Madhya Pradesh’s best eco-adventures.",,,October to February,68e5e54021c4af9b4a754987,"State: Madhya Pradesh, City: Pachmarhi",2025-10-19T02:20:23.514Z,2025-10-19T02:20:23.514Z
68f44ae7e7a0fc520030fc87,Bhojpur Hiking and Boating,"Embark on a scenic trek through the ancient Bhojpur hills to the grand Shiva temple, followed by a tranquil boat ride on the adjoining lake. The experience blends spirituality, nature, and history in one picturesque setting.",,,October to February,68d90c36fc0c58520c6cf20d,"State: Madhya Pradesh, City: Bhopal",2025-10-19T02:20:23.514Z,2025-10-19T02:20:23.514Z
68f44ae7e7a0fc520030fc88,Khajuraho Light and Sound Show,"Experience the mesmerizing light and sound show at Khajuraho’s temple complex. The illuminated temples and poetic narration reveal the artistry, mythology, and history behind this UNESCO World Heritage Site.",,,October to March,68e5e54021c4af9b4a754983,"State: Madhya Pradesh, City: Khajuraho",2025-10-19T02:20:23.514Z,2025-10-19T02:20:23.514Z
68f44ae7e7a0fc520030fc89,Guided Temple Tour,"Explore Khajuraho’s exquisite temples with a professional guide who unravels the symbolic carvings, spiritual significance, and rich history of both the western and eastern temple groups.",,,October to March,68f1c03170888f8a3ddf2efc,"State: Madhya Pradesh, City: Khajuraho",2025-10-19T02:20:23.514Z,2025-10-19T02:20:23.514Z
68f44ae7e7a0fc520030fc8a,Heritage Rickshaw Tour,"Explore Orchha’s royal heritage on a guided rickshaw tour through its palaces, temples, and chhatris. It’s a charming and eco-friendly way to experience the town’s architectural marvels and laid-back pace.",,,October to March,68e5e54021c4af9b4a754983,"State: Madhya Pradesh, City: Orchha",2025-10-19T02:20:23.514Z,2025-10-19T02:20:23.514Z
68f44ae7e7a0fc520030fc8b,Ujjain Heritage Walk,"Explore the sacred city of Ujjain on a guided heritage walk through Mahakal Temple and ancient ghats. Immerse yourself in the city’s spiritual aura, rituals, and timeless legends along the Shipra River.",,,October to March,68e5e54021c4af9b4a754983,"State: Madhya Pradesh, City: Ujjain",2025-10-19T02:20:23.514Z,2025-10-19T02:20:23.514Z
68f44ae7e7a0fc520030fc8c,Boat Safari at Dhuandhar Falls,"Feel the mist and thunder of the mighty Dhuandhar Falls on an exhilarating boat safari. The ride takes you close to the roaring cascade, offering unmatched views of marble cliffs and the Narmada River’s beauty.",,,October to March,68e5e54021c4af9b4a754987,"State: Madhya Pradesh, City: Jabalpur",2025-10-19T02:20:23.514Z,2025-10-19T02:20:23.514Z
68f44ae7e7a0fc520030fc8d,Boat Cruise on Upper Lake,"Glide across Bhopal’s iconic Upper Lake on a serene motorboat cruise. Surrounded by lush greenery and the city’s skyline, it’s the perfect way to enjoy a peaceful sunset or a romantic dinner by the shimmering waters.",,,October to March,68f389c75b1a905ca48c898e,"State: Madhya Pradesh, City: Bhopal",2025-10-19T02:20:23.514Z,2025-10-19T02:20:23.514Z
68f44ae7e7a0fc520030fc8e,Pachmarhi Adventure Park,"Indulge in thrilling ziplining, rope courses, and ATV rides at Pachmarhi’s adventure park. Set amidst the lush Satpura hills, it’s a fun-filled escape for adrenaline seekers and families alike.",,,October to June,68d90c36fc0c58520c6cf20d,"State: Madhya Pradesh, City: Pachmarhi",2025-10-19T02:20:23.514Z,2025-10-19T02:20:23.514Z
68f44ae7e7a0fc520030fc8f,Light and Sound Show at Sanchi Stupa,Relive the history of Buddhism with a mesmerizing light and sound show at Sanchi Stupa. The evening illumination and storytelling bring to life the spiritual and architectural legacy of this ancient monument.,,,October to March,68e5e54021c4af9b4a754983,"State: Madhya Pradesh, City: Sanchi",2025-10-19T02:20:23.514Z,2025-10-19T02:20:23.514Z
68f44ae7e7a0fc520030fc90,River Rafting on Sindh River,"Ride the rapids of the Sindh River on a guided white-water rafting adventure near Shivpuri. Perfect for beginners and thrill-seekers alike, it offers scenic views and an adrenaline-pumping river journey.",,,October to February,68d90c36fc0c58520c6cf20d,"State: Madhya Pradesh, City: Shivpuri",2025-10-19T02:20:23.514Z,2025-10-19T02:20:23.514Z
68f44ae7e7a0fc520030fc91,Orchha Sunrise Boat Ride,"Set off on a tranquil early morning boat ride on the Betwa River, surrounded by Orchha’s grand cenotaphs and palaces. The sunrise view paints the entire town in golden hues, creating an enchanting start to the day.",,,October to March,68e5e54021c4af9b4a754987,"State: Madhya Pradesh, City: Orchha",2025-10-19T02:20:23.514Z,2025-10-19T02:20:23.514Z
68f44ae7e7a0fc520030fc92,Sound and Light Show at Gwalior Fort,"Witness Gwalior Fort come alive at night with a captivating sound and light show. Narrating tales of valor, art, and royal legacy, this evening spectacle offers a magical experience under the starlit sky.",,,October to March,68f1c03170888f8a3ddf2efc,"State: Madhya Pradesh, City: Gwalior",2025-10-19T02:20:23.514Z,2025-10-19T02:20:23.514Z
68f44ae7e7a0fc520030fc93,Water Sports Combo,"Dive into adventure at Alibaug’s beaches with a mix of jet skiing, parasailing, and banana boat rides. The coastal thrill, combined with scenic sea views, makes it a favorite for beach lovers.",,,October to May,68d90c36fc0c58520c6cf20d,"State: Maharashtra, City: Alibaug",2025-10-19T02:20:23.514Z,2025-10-19T02:20:23.514Z
68f44ae7e7a0fc520030fc94,Venna Lake Boating,"Drift across the calm waters of Venna Lake on a paddle or motorboat ride. Surrounded by hills and greenery, this experience is ideal for couples and families seeking a peaceful escape in Mahabaleshwar.",,,October to March,68f389c75b1a905ca48c898e,"State: Maharashtra, City: Mahabaleshwar",2025-10-19T02:20:23.514Z,2025-10-19T02:20:23.514Z
68f44ae7e7a0fc520030fc95,Pune Food Walk,"Embark on a flavorful journey through Pune’s bustling lanes on a guided food walk. Sample authentic Maharashtrian snacks, street delights, and local sweets while learning about the city’s vibrant culinary traditions.",,,Year-round,68d90c36fc0c58520c6cf20d,"State: Maharashtra, City: Pune",2025-10-19T02:20:23.514Z,2025-10-19T02:20:23.514Z
68f44ae7e7a0fc520030fc96,Toy Train Ride,"Enjoy a nostalgic journey on the Matheran Toy Train, winding through forested hills and scenic viewpoints. The slow-paced ride offers spectacular vistas and a charming mountain railway experience.",,,October to June,68f389c75b1a905ca48c898e,"State: Maharashtra, City: Matheran",2025-10-19T02:20:23.514Z,2025-10-19T02:20:23.514Z
68f44ae7e7a0fc520030fc97,VIP Darshan at Shirdi Temple,Experience spiritual tranquility with priority access to the revered Sai Baba Temple in Shirdi. The VIP Darshan package ensures a peaceful visit with minimal waiting time and a more personal spiritual connection.,,,Year-round,68f1c03170888f8a3ddf2efc,"State: Maharashtra, City: Shirdi",2025-10-19T02:20:23.515Z,2025-10-19T02:20:23.515Z
68f44ae7e7a0fc520030fc98,Historic Fort Jeep Tour,"Explore Alibaug’s coastal heritage on a thrilling off-road jeep safari to Kolaba Fort. The journey combines sea views, historical ruins, and the charm of the Arabian coast in one adventurous ride.",,,October to March,68e5e54021c4af9b4a754983,"State: Maharashtra, City: Alibaug",2025-10-19T02:20:23.515Z,2025-10-19T02:20:23.515Z
68f44ae7e7a0fc520030fc99,Heritage Walking Tour,Explore Mumbai’s colonial and Art Deco architecture on a guided heritage walk through iconic landmarks and bustling streets. Learn about the city’s transformation from Bombay to Mumbai while admiring its timeless architectural grandeur.,,,October to March,68e5e54021c4af9b4a754983,"State: Maharashtra, City: Mumbai",2025-10-19T02:20:23.515Z,2025-10-19T02:20:23.515Z
68f44ae7e7a0fc520030fc9a,Ellora Cave Guided Tour,"Explore the UNESCO-listed Ellora Caves with a professional guide who unveils the secrets of its 34 monumental rock-cut temples. Discover the fusion of Hindu, Buddhist, and Jain artistry in this heritage marvel.",,,October to March,68e5e54021c4af9b4a754983,"State: Maharashtra, City: Aurangabad",2025-10-19T02:20:23.515Z,2025-10-19T02:20:23.515Z
68f44ae7e7a0fc520030fc9b,River Rafting on Godavari,"Feel the thrill of adventure with river rafting on the Godavari River’s Panchvati stretch. Tackle mild rapids amidst scenic landscapes, offering both excitement and the beauty of nature.",,,October to February,68d90c36fc0c58520c6cf20d,"State: Maharashtra, City: Nashik",2025-10-19T02:20:23.515Z,2025-10-19T02:20:23.515Z
68f44ae7e7a0fc520030fc9c,Dragon Rides Cable Car,Glide high above Lonavala’s lush valleys on an exhilarating cable car zip-line ride. This aerial adventure offers panoramic views of the Western Ghats and a thrilling experience for adventure seekers.,,,October to May,68d90c36fc0c58520c6cf20d,"State: Maharashtra, City: Lonavala",2025-10-19T02:20:23.515Z,2025-10-19T02:20:23.515Z
68f44ae7e7a0fc520030fc9d,Ajanta Caves Jeep Safari,"Journey through time with a guided jeep safari to the ancient Ajanta Caves. Admire intricate rock-cut Buddhist sculptures and paintings that narrate stories of devotion, artistry, and ancient craftsmanship.",,,October to March,68e5e54021c4af9b4a754983,"State: Maharashtra, City: Aurangabad",2025-10-19T02:20:23.515Z,2025-10-19T02:20:23.515Z
68f44ae7e7a0fc520030fc9e,Sunset Harbor Cruise,Sail across the Arabian Sea on a relaxing evening cruise past the Gateway of India. Watch the city skyline glow under the sunset as you enjoy the sea breeze and soothing waves for an unforgettable Mumbai experience.,,,Year-round,68e5e54021c4af9b4a754987,"State: Maharashtra, City: Mumbai",2025-10-19T02:20:23.515Z,2025-10-19T02:20:23.515Z
68f44ae7e7a0fc520030fc9f,Wine Tasting Tour,"Savor the flavors of Nashik’s vineyards on a guided wine tasting tour. Walk through lush grape estates, learn about winemaking, and sample premium local wines in India’s own ‘Wine Capital’.",,,October to March,68f1c03170888f8a3ddf2ef8,"State: Maharashtra, City: Nashik",2025-10-19T02:20:23.517Z,2025-10-19T02:20:23.517Z
68f44ae7e7a0fc520030fca0,Hot Air Balloon Ride,Soar above Nashik’s rolling vineyards and countryside on a peaceful hot air balloon flight. Witness the sunrise over the Western Ghats and capture stunning aerial views for a truly magical experience.,,,October to March,68d90c36fc0c58520c6cf20d,"State: Maharashtra, City: Nashik",2025-10-19T02:20:23.517Z,2025-10-19T02:20:23.517Z
68f44ae7e7a0fc520030fca1,Camping at Tiger’s Point,"Spend a starry night camping at Tiger’s Point in Lonavala. Enjoy bonfires, music, and mountain views while relaxing under the night sky—a perfect escape from the city into nature’s lap.",,,October to February,68e5e54021c4af9b4a754987,"State: Maharashtra, City: Lonavala",2025-10-19T02:20:23.517Z,2025-10-19T02:20:23.517Z
68f44ae7e7a0fc520030fca2,Sinhagad Sunrise Trek,"Start your day with a guided sunrise trek up the historic Sinhagad Fort near Pune. The trail rewards you with stunning hilltop views, crisp morning air, and a glimpse into Maratha history and valor.",,,October to February,68e5e54021c4af9b4a754986,"State: Maharashtra, City: Pune",2025-10-19T02:20:23.517Z,2025-10-19T02:20:23.517Z
68f44ae7e7a0fc520030fca3,Bollywood Studio Tour,"Step behind the scenes of India’s film capital with a guided Bollywood studio tour. Witness live shoots, explore vibrant sets, and get a glimpse of the magic that powers the world’s most prolific movie industry.",,,Avoid monsoon,68e5e54021c4af9b4a754986,"State: Maharashtra, City: Mumbai",2025-10-19T02:20:23.517Z,2025-10-19T02:20:23.517Z
68f44ae7e7a0fc520030fca4,Bungee Jumping,"Take a daring leap from an 83-meter-high platform near Pune for the ultimate adrenaline rush. Surrounded by scenic hills, this bungee experience is perfect for thrill-seekers chasing adventure and courage.",,,October to May,68d90c36fc0c58520c6cf20d,"State: Maharashtra, City: Pune",2025-10-19T02:20:23.517Z,2025-10-19T02:20:23.517Z
68f44ae7e7a0fc520030fca5,Elephanta Caves Ferry Ride,Take a scenic ferry across Mumbai Harbour to the UNESCO-listed Elephanta Caves. Explore ancient rock-cut temples dedicated to Lord Shiva while enjoying panoramic sea views and the cultural depth of this heritage site.,,,October to March,68e5e54021c4af9b4a754983,"State: Maharashtra, City: Mumbai",2025-10-19T02:20:23.517Z,2025-10-19T02:20:23.517Z
68f44ae7e7a0fc520030fca6,Strawberry Farm Tour,Walk through Mahabaleshwar’s scenic strawberry farms and experience fruit picking right from the fields. Visitors can taste freshly harvested strawberries while learning about local farming traditions.,,,January to March,68e5e54021c4af9b4a754987,"State: Maharashtra, City: Mahabaleshwar",2025-10-19T02:20:23.518Z,2025-10-19T02:20:23.518Z
68f44ae7e7a0fc520030fca7,Loktak Lake Cycling Tour,"Cycle along the scenic causeways of Loktak Lake on a guided e-bike tour. The peaceful ride offers enchanting lake views, glimpses of floating islands, and a refreshing way to experience Manipur’s natural charm.",,,November to March,68d90c36fc0c58520c6cf20d,"State: Manipur, City: Imphal",2025-10-19T02:20:23.518Z,2025-10-19T02:20:23.518Z
68f44ae7e7a0fc520030fca8,Maibam Lokpa Ching Battle Site Tour,"Discover the historic Maibam Lokpa Ching, a World War II site that witnessed fierce battles. Guided tours narrate stories of courage and resilience, offering a moving glimpse into Manipur’s wartime legacy.",,,October to March,68e5e54021c4af9b4a754983,"State: Manipur, City: Churachandpur",2025-10-19T02:20:23.518Z,2025-10-19T02:20:23.518Z
68f44ae7e7a0fc520030fca9,Mount Koubru Trek,"Embark on a guided trek up Mount Koubru, a revered peak offering panoramic views of Manipur’s valleys. The multi-day journey through pine forests and meadows blends adventure with spiritual serenity, ideal for nature enthusiasts and trekkers.",,,October to May,68f389ff5b1a905ca48c898f,"State: Manipur, City: Ukhrul",2025-10-19T02:20:23.518Z,2025-10-19T02:20:23.518Z
68f44ae7e7a0fc520030fcaa,Floating Café Experience on Loktak Lake,"Enjoy a unique dining experience on Loktak Lake’s floating cafés, where you can savor local dishes while drifting over tranquil waters. The setting offers unmatched serenity and picturesque lake views.",,,November to March,68f1c03170888f8a3ddf2ef8,"State: Manipur, City: Bishnupur",2025-10-19T02:20:23.518Z,2025-10-19T02:20:23.518Z
68f44ae7e7a0fc520030fcab,Khoupum Valley Adventure,"Experience thrill and beauty in Khoupum Valley with exciting zip-line rides and ropewalks across lush green landscapes. Perfect for adventure lovers, this activity offers stunning valley views and a refreshing dose of adrenaline.",,,October to April,68d90c36fc0c58520c6cf20d,"State: Manipur, City: Ukhrul",2025-10-19T02:20:23.518Z,2025-10-19T02:20:23.518Z
68f44ae7e7a0fc520030fcac,Moreh Border Market Guided Tour,Explore the bustling Indo-Myanmar trade hub of Moreh on a guided market tour. Experience the unique blend of Indian and Burmese cultures while shopping for exotic goods and tasting authentic cross-border flavors.,,,Year-round,68e5e54021c4af9b4a754987,"State: Manipur, City: Moreh",2025-10-19T02:20:23.518Z,2025-10-19T02:20:23.518Z
68f44ae7e7a0fc520030fcad,Keibul Lamjao Boat Safari,"Glide across the serene Loktak Lake on a canoe safari through floating phumdis, home to the rare Sangai deer. The calm waters, scenic wetlands, and rich birdlife make this a captivating eco-experience in the world’s only floating national park.",,,November to March,68e5e54021c4af9b4a754987,"State: Manipur, City: Bishnupur",2025-10-19T02:20:23.518Z,2025-10-19T02:20:23.518Z
68f44ae7e7a0fc520030fcae,Artisan Weaving Workshop,"Join a traditional weaving workshop in Imphal to learn the intricate art of Manipuri handloom. Guided by skilled artisans, participants create their own pieces while experiencing the region’s rich textile heritage.",,,Year-round,68e5e54021c4af9b4a754986,"State: Manipur, City: Imphal",2025-10-19T02:20:23.518Z,2025-10-19T02:20:23.518Z
68f44ae7e7a0fc520030fcaf,Shirui Lily Festival Tour,"Join the vibrant Shirui Lily Festival to witness the rare Shirui Lily bloom on the misty slopes of Ukhrul. The experience includes cultural performances, local cuisine, and scenic village stays, celebrating Manipur’s beauty and heritage.",,,May,68e5e54021c4af9b4a754983,"State: Manipur, City: Ukhrul",2025-10-19T02:20:23.518Z,2025-10-19T02:20:23.518Z
68f44ae7e7a0fc520030fcb0,Thoubal River Rafting,Navigate the rapids of the Thoubal River on a thrilling rafting trip surrounded by pristine hills and dense forests. This short yet exhilarating adventure promises a perfect blend of excitement and scenic beauty.,,,November to March,68d90c36fc0c58520c6cf20d,"State: Manipur, City: Thoubal",2025-10-19T02:20:23.518Z,2025-10-19T02:20:23.518Z
68f44ae7e7a0fc520030fcb1,Ima Keithel Heritage Walk,"Take a guided heritage walk through Ima Keithel, the world’s only market run entirely by women. Learn about its fascinating history, meet local vendors, and witness the vibrant spirit of Manipuri culture and craftsmanship.",,,October to March,68e5e54021c4af9b4a754983,"State: Manipur, City: Imphal",2025-10-19T02:20:23.518Z,2025-10-19T02:20:23.518Z
68f44ae7e7a0fc520030fcb2,Boat Ride to Sendra Island,"Take a relaxing motorboat ride across Loktak Lake to the sacred Sendra Island. The journey offers breathtaking views of floating meadows and peaceful waters, making it a must-do for nature lovers.",,,October to March,68f389c75b1a905ca48c898e,"State: Manipur, City: Imphal",2025-10-19T02:20:23.518Z,2025-10-19T02:20:23.518Z
68f44ae7e7a0fc520030fcb3,Tamenglong Waterfall Trek and Camp,"Trek through lush rainforests to reach the majestic Khayang Falls, one of Manipur’s highest waterfalls. The guided adventure includes overnight camping, making it a serene escape for nature lovers and trekkers alike.",,,October to May,68e5e54021c4af9b4a754987,"State: Manipur, City: Tamenglong",2025-10-19T02:20:23.518Z,2025-10-19T02:20:23.518Z
68f44ae7e7a0fc520030fcb4,Krang Suri Waterfall Entry and Swimming,"Dive into the crystal-clear turquoise pool of Krang Suri Waterfall, one of Meghalaya’s most stunning natural attractions. Visitors can swim, relax, and capture the beauty of cascading waters surrounded by greenery.",,,October to April,68e5e54021c4af9b4a754987,"State: Meghalaya, City: Jowai",2025-10-19T02:20:23.518Z,2025-10-19T02:20:23.518Z
68f44ae7e7a0fc520030fcb5,Living Root Bridge Trek,"Embark on a guided trek through lush forest trails to witness Meghalaya’s iconic double-decker living root bridges. These natural wonders showcase the harmony between human creativity and nature’s resilience, offering a truly immersive experience.",,,October to April,68d90c36fc0c58520c6cf20d,"State: Meghalaya, City: Mawlynnong",2025-10-19T02:20:23.518Z,2025-10-19T02:20:23.518Z
68f44ae7e7a0fc520030fcb6,Umiam Lake Boating,"Enjoy a peaceful boating experience on the sparkling waters of Umiam Lake, surrounded by pine-covered hills. From paddle boats to high-speed rides, the lake offers both serene and adventurous moments amid breathtaking scenery.",,,October to March,68f389c75b1a905ca48c898e,"State: Meghalaya, City: Shillong",2025-10-19T02:20:23.518Z,2025-10-19T02:20:23.518Z
68f44ae7e7a0fc520030fcb7,Paragliding,Glide above lush valleys and rolling hills with tandem paragliding flights near Nongstoin. The experience offers breathtaking bird’s-eye views and the exhilarating feeling of flying over Meghalaya’s pristine landscapes.,,,October to May,68d90c36fc0c58520c6cf20d,"State: Meghalaya, City: Nongstoin",2025-10-19T02:20:23.518Z,2025-10-19T02:20:23.518Z
68f44ae7e7a0fc520030fcb8,Dzukou Valley Trek and Camp,"Set off on a guided trek through the rolling green meadows of Dzukou Valley, followed by peaceful camping under starry skies. This experience combines scenic beauty, adventure, and tranquility in equal measure.",,,June to October,68d90c36fc0c58520c6cf20d,"State: Meghalaya, City: Williamnagar",2025-10-19T02:20:23.518Z,2025-10-19T02:20:23.518Z
68f44ae7e7a0fc520030fcb9,Zip-lining at Mawkdok Valley,"Soar across the stunning Mawkdok Dympep Valley on a thrilling zip-line adventure. With options for both beginners and adrenaline seekers, this ride offers panoramic views of misty cliffs and green valleys below.",,,October to May,68d90c36fc0c58520c6cf20d,"State: Meghalaya, City: Shillong",2025-10-19T02:20:23.518Z,2025-10-19T02:20:23.518Z
68f44ae7e7a0fc520030fcba,Balpakram National Park Safari,"Take a jeep safari through the mystical Balpakram National Park, home to canyons, grasslands, and rare wildlife species. This adventure reveals the enchanting wilderness of Meghalaya’s western hills and its rich biodiversity.",,,October to March,68e5e54021c4af9b4a754987,"State: Meghalaya, City: Tura",2025-10-19T02:20:23.518Z,2025-10-19T02:20:23.518Z
68f44ae7e7a0fc520030fcbb,Riwai Single Root Bridge Trek,"Take a short guided trek through dense forests to reach the Riwai living root bridge, a stunning single-tier creation woven from tree roots. It’s a serene and photogenic escape into Meghalaya’s eco-engineering marvels.",,,October to April,68d90c36fc0c58520c6cf20d,"State: Meghalaya, City: Mawlynnong",2025-10-19T02:20:23.518Z,2025-10-19T02:20:23.518Z
68f44ae7e7a0fc520030fcbc,Tuirihiau Rock Climbing,"Challenge yourself with rock climbing at Tuirihiau, a natural cliff formation offering adventure in the heart of Mizoram. With guided support and scenic surroundings, it’s perfect for beginners and thrill seekers alike.",,,October to May,68d90c36fc0c58520c6cf20d,"State: Mizoram, City: Serchhip",2025-10-19T02:20:23.518Z,2025-10-19T02:20:23.518Z
68f44ae7e7a0fc520030fcbd,City Tour Packages,"Discover Aizawl’s top landmarks through a guided multi-day tour that includes scenic viewpoints, temples, and tranquil parks. Ideal for first-time visitors, it offers a relaxed yet comprehensive look at Mizoram’s capital charm.",,,October to March,68f389c75b1a905ca48c898e,"State: Mizoram, City: Aizawl",2025-10-19T02:20:23.519Z,2025-10-19T02:20:23.519Z
68f44ae7e7a0fc520030fcbe,Pualreng Wildlife Sanctuary,Discover the scenic wilderness of Pualreng Wildlife Sanctuary through guided tours. The area’s rich biodiversity and refreshing air make it a rewarding experience for eco-tourists and bird watchers.,,,November to March,68f1c03170888f8a3ddf2efc,"State: Mizoram, City: Kolasib",2025-10-19T02:20:23.519Z,2025-10-19T02:20:23.519Z
68f44ae7e7a0fc520030fcbf,Phawngpui Peak Trek,"Embark on a guided trek to Phawngpui Peak, Mizoram’s highest mountain known as the Blue Mountain. The journey rewards hikers with misty panoramas, colorful wildflowers, and moments of serene solitude above the clouds.",,,October to May,68e5e54021c4af9b4a754987,"State: Mizoram, City: Lunglei",2025-10-19T02:20:23.519Z,2025-10-19T02:20:23.519Z
68f44ae7e7a0fc520030fcc0,Dampa Tiger Reserve Safari,"Embark on a jeep safari through Dampa Tiger Reserve, Mizoram’s largest protected forest. The safari offers chances to spot elephants, leopards, and exotic birds in their natural jungle habitat.",,,November to March,68e5e54021c4af9b4a754987,"State: Mizoram, City: Mamit",2025-10-19T02:20:23.519Z,2025-10-19T02:20:23.519Z
68f44ae7e7a0fc520030fcc1,Rihdil Lake Boating,"Enjoy a peaceful boating experience at Rihdil Lake, a scenic border lake surrounded by green hills. The calm waters and serene atmosphere make it an ideal spot for relaxation and photography.",,,October to April,68f389c75b1a905ca48c898e,"State: Mizoram, City: Champhai",2025-10-19T02:20:23.519Z,2025-10-19T02:20:23.519Z
68f44ae7e7a0fc520030fcc2,Adventure Sports Combo,"Experience the thrill of zip-lining, mountain biking, and bungee jumping amid Aizawl’s lush hills. These activities cater to adrenaline seekers looking to combine stunning landscapes with heart-racing excitement.",,,Year-round except monsoon,68d90c36fc0c58520c6cf20d,"State: Mizoram, City: Aizawl",2025-10-19T02:20:23.519Z,2025-10-19T02:20:23.519Z
68f44ae7e7a0fc520030fcc3,Pukzing Cave Exploration,"Explore the mysterious Pukzing Cave with guided assistance and equipment. The caves hold ancient folklore and natural wonders, offering a mix of adventure and cultural storytelling beneath the earth.",,,October to May,68e5e54021c4af9b4a754987,"State: Mizoram, City: Mamit",2025-10-19T02:20:23.519Z,2025-10-19T02:20:23.519Z
68f44ae7e7a0fc520030fcc4,Wildlife Sanctuary Tours,"Explore the rich biodiversity of Thorangtlang and Saza sanctuaries near Lunglei. Guided tours take travelers through lush forests teeming with rare birds and exotic flora, making it a paradise for nature lovers.",,,September to May,68e5e54021c4af9b4a754987,"State: Mizoram, City: Lunglei",2025-10-19T02:20:23.519Z,2025-10-19T02:20:23.519Z
68f44ae7e7a0fc520030fcc5,Tamdil Lake Boating,"Glide across the tranquil waters of Tamdil Lake on paddle or motorboats. Surrounded by forested hills, this boating experience offers peaceful views and a perfect picnic atmosphere for nature lovers.",,,October to June,68e5e54021c4af9b4a754983,"State: Mizoram, City: Kolasib",2025-10-19T02:20:23.520Z,2025-10-19T02:20:23.520Z
68f44ae7e7a0fc520030fcc6,Rock Bridge Photography Tours,Join a guided tour to Lunglei’s natural rock bridge formations—one of the region’s most photogenic geological wonders. It’s a must-visit for photographers seeking striking landscapes and unique natural artistry.,,,Year-round,68e5e54021c4af9b4a754987,"State: Mizoram, City: Lunglei",2025-10-19T02:20:23.520Z,2025-10-19T02:20:23.520Z
68f44ae7e7a0fc520030fcc7,Orange Garden Tours,"Join a guided visit to Mamit’s vibrant orange plantations during harvest season. Stroll through fragrant orchards, learn about local farming traditions, and enjoy fresh citrus straight from the source.",,,November to February,68e5e54021c4af9b4a754986,"State: Mizoram, City: Mamit",2025-10-19T02:20:23.520Z,2025-10-19T02:20:23.520Z
68f44ae7e7a0fc520030fcc8,Ngengpui Wildlife Safari,"Set out on a wildlife safari through Ngengpui Sanctuary, home to elephants, deer, and colorful bird species. Guided tours through this lush forest promise close encounters with Mizoram’s diverse wildlife.",,,November to March,68e5e54021c4af9b4a754987,"State: Mizoram, City: Lawngtlai",2025-10-19T02:20:23.520Z,2025-10-19T02:20:23.520Z
68f44ae7e7a0fc520030fcc9,Paragliding Adventures,Soar over Champhai’s rolling hills with a tandem paragliding experience. The breathtaking aerial views of valleys and villages below make this one of Mizoram’s most unforgettable outdoor adventures.,,,October to May,68d90c36fc0c58520c6cf20d,"State: Mizoram, City: Champhai",2025-10-19T02:20:23.520Z,2025-10-19T02:20:23.520Z
68f44ae7e7a0fc520030fcca,Vantawng Falls Trek,"Take a guided trek to the stunning Vantawng Falls, Mizoram’s highest waterfall. The route passes through dense forests and hill trails, offering travelers refreshing views and an up-close encounter with nature’s grandeur.",,,October to June,68d90c36fc0c58520c6cf20d,"State: Mizoram, City: Serchhip",2025-10-19T02:20:23.520Z,2025-10-19T02:20:23.520Z
68f44ae7e7a0fc520030fccb,Kawmzawl Park Tours,"Take a guided walk through Kawmzawl Park, where mountain vistas and floral landscapes make for a rejuvenating outing. Ideal for families and couples seeking a calm escape close to nature.",,,Year-round,68e5e54021c4af9b4a754987,"State: Mizoram, City: Lawngtlai",2025-10-19T02:20:23.520Z,2025-10-19T02:20:23.520Z
68f44ae7e7a0fc520030fccc,Reiek Tlang Hiking,"Trek up Reiek Tlang, a scenic mountain offering sweeping views of Aizawl and the surrounding hills. The hike includes a visit to a traditional Mizo heritage village, creating a perfect blend of culture and adventure.",,,October to June,68e5e54021c4af9b4a754983,"State: Mizoram, City: Aizawl",2025-10-19T02:20:23.520Z,2025-10-19T02:20:23.520Z
68f44ae7e7a0fc520030fccd,Phawngpui National Park Entry,"Visit the enchanting Blue Mountain region within Phawngpui National Park. Known for its blue haze and mystical legends, the park offers scenic trails and a tranquil escape for nature enthusiasts.",,,October to May,68f389c75b1a905ca48c898e,"State: Mizoram, City: Lawngtlai",2025-10-19T02:20:23.520Z,2025-10-19T02:20:23.520Z
68f44ae7e7a0fc520030fcce,Indo-Myanmar Border Tours,"Visit Zokhawthar, a lively border market linking India and Myanmar. Guided tours reveal fascinating cross-border trade, scenic countryside drives, and a rare glimpse of the cultural blend along Mizoram’s frontier.",,,October to March,68f389c75b1a905ca48c898e,"State: Mizoram, City: Champhai",2025-10-19T02:20:23.521Z,2025-10-19T02:20:23.521Z
68f44ae7e7a0fc520030fccf,Heritage Walking Tours,"Wander through Aizawl’s vibrant Bara Bazaar and nearby traditional villages on a guided heritage walk. These tours reveal the everyday life, architecture, and deep-rooted customs of the Mizo people while offering beautiful hilltop city views.",,,October to March,68e5e54021c4af9b4a754983,"State: Mizoram, City: Aizawl",2025-10-19T02:20:23.521Z,2025-10-19T02:20:23.521Z
68f44ae7e7a0fc520030fcd0,Hornbill Festival Entry Passes,"Celebrate Nagaland’s vibrant heritage at the Hornbill Festival, where every tribe showcases its unique music, dance, crafts, and cuisine. Visitors can experience dazzling performances and cultural exhibits that make this annual December event the 'Festival of Festivals' of the Northeast.",,,December 1–10 annually,68e5e54021c4af9b4a754986,"State: Nagaland, City: Kohima",2025-10-19T02:20:23.521Z,2025-10-19T02:20:23.521Z
68f44ae7e7a0fc520030fcd1,Adventure Sports Combo,"Dimapur offers a thrilling mix of paragliding, bungee jumping, and ATV rides for adventure enthusiasts. Surrounded by hills and forests, these adrenaline-pumping experiences make Nagaland’s gateway city an unexpected adventure hub.",,,October to May,68d90c36fc0c58520c6cf20d,"State: Nagaland, City: Dimapur",2025-10-19T02:20:23.521Z,2025-10-19T02:20:23.521Z
68f44ae7e7a0fc520030fcd2,Tribal Village Tours,"Discover the essence of Ao Naga culture through guided visits to the villages of Ungma and Longkhum. These tours reveal traditional architecture, handwoven crafts, and stories passed down through generations.",,,October to March,68e5e54021c4af9b4a754986,"State: Nagaland, City: Mokokchung",2025-10-19T02:20:23.521Z,2025-10-19T02:20:23.521Z
68f44ae7e7a0fc520030fcd3,Cultural Immersion Packages,"Dive deep into Nagaland’s living traditions with multi-day cultural immersion packages. Travelers engage in village rituals, folk dances, and local cuisine, gaining a profound understanding of the Ao tribe’s heritage.",,,October to March,68e5e54021c4af9b4a754986,"State: Nagaland, City: Mokokchung",2025-10-19T02:20:23.521Z,2025-10-19T02:20:23.521Z
68f44ae7e7a0fc520030fcd4,Dzukou Valley Trek Packages,"Embark on a mesmerizing trek through Dzukou Valley, known for its rolling green meadows and seasonal blooms. Guided treks include camping under starry skies and breathtaking views of misty hills, making it a dream for nature lovers.",,,June to October,68d90c36fc0c58520c6cf20d,"State: Nagaland, City: Kohima",2025-10-19T02:20:23.521Z,2025-10-19T02:20:23.521Z
68f44ae7e7a0fc520030fcd5,Village Homestay Cultural Tours,"Experience authentic Naga life with a homestay in Khonoma or nearby villages. Guests can participate in tribal cooking, craft-making, and evening storytelling sessions while enjoying warm hospitality amidst stunning hill views.",,,October to March,68e5e54021c4af9b4a754986,"State: Nagaland, City: Kohima",2025-10-19T02:20:23.521Z,2025-10-19T02:20:23.521Z
68f44ae7e7a0fc520030fcd6,Cultural Tour Packages,"Experience Wokha’s rich tribal culture through guided tours that include local homestays, folk music sessions, and traditional cuisine. The scenic hills and warm hospitality make it an unforgettable cultural retreat.",,,October to March,68e5e54021c4af9b4a754986,"State: Nagaland, City: Wokha",2025-10-19T02:20:23.521Z,2025-10-19T02:20:23.521Z
68f44ae7e7a0fc520030fcd7,Orchid Garden Tours,Explore the colorful world of Phek’s orchids on guided botanical walks. Visitors can admire rare Himalayan blooms and learn about local conservation efforts while strolling through serene garden trails.,,,October to April,68e5e54021c4af9b4a754986,"State: Nagaland, City: Phek",2025-10-19T02:20:23.521Z,2025-10-19T02:20:23.521Z
68f44ae7e7a0fc520030fcd8,Tribal Heritage Tours,"Explore Tuensang’s vibrant tribal diversity through guided heritage tours. Visitors can witness traditional customs, age-old crafts, and the distinctive architecture of remote Naga villages steeped in history.",,,October to March,68e5e54021c4af9b4a754986,"State: Nagaland, City: Tuensang",2025-10-19T02:20:23.521Z,2025-10-19T02:20:23.521Z
68f44ae7e7a0fc520030fcd9,Adventure Trekking,"Hike through the green hills of Wokha with local guides who reveal hidden waterfalls and breathtaking viewpoints. These treks blend nature, exercise, and discovery in the heart of Nagaland’s countryside.",,,October to May,68d90c36fc0c58520c6cf20d,"State: Nagaland, City: Wokha",2025-10-19T02:20:23.521Z,2025-10-19T02:20:23.521Z
68f44ae7e7a0fc520030fcda,Tribal Tattoo Culture Tours,"Immerse yourself in the ancient tattooing traditions of the Konyak tribe. Guided tours introduce visitors to the symbolic art, ancestral stories, and community rituals of one of Nagaland’s most intriguing cultures.",,,October to March,68e5e54021c4af9b4a754986,"State: Nagaland, City: Mon",2025-10-19T02:20:23.521Z,2025-10-19T02:20:23.521Z
68f44ae7e7a0fc520030fcdb,Konyak Headhunter Village Tours,"Journey to Longwa, a fascinating border village where the legendary Konyak tribe resides. These tours offer insights into the tribe’s warrior traditions, wood carvings, and unique customs that straddle India and Myanmar.",,,October to March,68e5e54021c4af9b4a754986,"State: Nagaland, City: Mon",2025-10-19T02:20:23.521Z,2025-10-19T02:20:23.521Z
68f44ae7e7a0fc520030fcdc,River Rafting on Doyang River,"Navigate the exciting rapids of the Doyang River on a white-water rafting adventure. With lush forested banks and crystal-clear waters, this activity promises both thrill and scenic beauty for outdoor enthusiasts.",,,October to March,68d90c36fc0c58520c6cf20d,"State: Nagaland, City: Dimapur",2025-10-19T02:20:23.521Z,2025-10-19T02:20:23.521Z
68f44ae7e7a0fc520030fcdd,Zip-lining Adventures,Soar above Dimapur’s lush forests on an exhilarating zip-line ride. The canopy adventure offers panoramic views and a rush of excitement as you glide through the green hills of Nagaland.,,,October to May,68d90c36fc0c58520c6cf20d,"State: Nagaland, City: Dimapur",2025-10-19T02:20:23.522Z,2025-10-19T02:20:23.522Z
68f44ae7e7a0fc520030fcde,Heritage Walking Tours,"Uncover Kohima’s fascinating past on a guided heritage walk through World War II memorials, colonial-era sites, and bustling tribal markets. These walks blend history, culture, and scenic views of Nagaland’s charming hill capital.",,,October to March,68e5e54021c4af9b4a754983,"State: Nagaland, City: Kohima",2025-10-19T02:20:23.522Z,2025-10-19T02:20:23.522Z
68f44ae7e7a0fc520030fcdf,Waterfall Trekking Tours,"Venture through Phek’s pristine landscapes on guided treks to hidden waterfalls. Surrounded by lush forests and chirping birds, these trails offer a refreshing mix of adventure and tranquility.",,,October to March,68d90c36fc0c58520c6cf20d,"State: Nagaland, City: Phek",2025-10-19T02:20:23.522Z,2025-10-19T02:20:23.522Z
68f44ae7e7a0fc520030fce0,Bird Watching and Trekking,Wander through Mokokchung’s verdant hills with expert guides on bird-watching and trekking excursions. Spot rare Himalayan species while enjoying serene forest trails and panoramic valley views.,,,September to November,68e5e54021c4af9b4a754987,"State: Nagaland, City: Mokokchung",2025-10-19T02:20:23.522Z,2025-10-19T02:20:23.522Z
68f44ae7e7a0fc520030fce1,Chilika Lake Boat Safari,"Cruise across Asia’s largest brackish lagoon on a Chilika Lake boat safari. Spot playful Irrawaddy dolphins, explore small islands, and witness a mesmerizing sunset over serene blue waters surrounded by migratory birds.",,,November to February,68e5e54021c4af9b4a754987,"State: Odisha, City: Chilika",2025-10-19T02:20:23.522Z,2025-10-19T02:20:23.522Z
68f44ae7e7a0fc520030fce2,Berhampur Heritage Food Tours,"Delight your taste buds on a guided culinary walk through Berhampur’s bustling streets. Sample traditional Odia sweets, savory snacks, and local delicacies while learning about the city’s rich food culture and history.",,,October to March,68f1c03170888f8a3ddf2ef8,"State: Odisha, City: Berhampur",2025-10-19T02:20:23.522Z,2025-10-19T02:20:23.522Z
68f44ae7e7a0fc520030fce3,Lingaraja Temple Guided Tours,"Discover Bhubaneswar’s ancient soul through a guided tour of the majestic Lingaraja Temple. Learn about Kalinga-style architecture, intricate carvings, and centuries of spiritual tradition while walking through one of India’s most revered Shiva shrines.",,,October to March,68f1c03170888f8a3ddf2efc,"State: Odisha, City: Bhubaneswar",2025-10-19T02:20:23.522Z,2025-10-19T02:20:23.522Z
68f44ae7e7a0fc520030fce4,Dhenkanal Hill Trek Packages,"Embark on a scenic trek through the lush hills and cascading waterfalls of Dhenkanal. Guided routes offer panoramic views, local folklore, and encounters with the natural beauty of Odisha’s heartland.",,,October to March,68d90c36fc0c58520c6cf20d,"State: Odisha, City: Dhenkanal",2025-10-19T02:20:23.522Z,2025-10-19T02:20:23.522Z
68f44ae7e7a0fc520030fce5,Konark Horse Cart Rides,"Enjoy a leisurely horse cart ride around the iconic Konark Sun Temple complex. The short trip offers charming glimpses of the temple’s exterior carvings, local life, and coastal breeze in a relaxed traditional style.",,,October to March,68f389c75b1a905ca48c898e,"State: Odisha, City: Konark",2025-10-19T02:20:23.522Z,2025-10-19T02:20:23.522Z
68f44ae7e7a0fc520030fce6,Konark Sound & Light Show,"Experience the grandeur of the Sun Temple come alive through an evening sound and light show. Vivid storytelling and lighting effects narrate Konark’s history, mythology, and the artistry behind this UNESCO World Heritage site.",,,October to March,68e5e54021c4af9b4a754983,"State: Odisha, City: Konark",2025-10-19T02:20:23.522Z,2025-10-19T02:20:23.522Z
68f44ae7e7a0fc520030fce7,Rourkela City Heritage Walks,"Explore Rourkela’s blend of industrial heritage and cultural landmarks on a guided city walk. Learn about the steel city’s history, local traditions, and architectural highlights while experiencing its modern yet rooted character.",,,October to March,68f1c03170888f8a3ddf2efc,"State: Odisha, City: Rourkela",2025-10-19T02:20:23.522Z,2025-10-19T02:20:23.522Z
68f44ae7e7a0fc520030fce8,Puri Sea Beach Water Sports,"Feel the adrenaline rush at Puri Beach with thrilling water sports like jet skiing, banana boat rides, and speed boating. The golden sands and crashing waves create a perfect mix of adventure and seaside fun.",,,October to May,68f1c03170888f8a3ddf2ef8,"State: Odisha, City: Puri",2025-10-19T02:20:23.522Z,2025-10-19T02:20:23.522Z
68f44ae7e7a0fc520030fce9,Chilika Kayaking (Mangalajodi),"Paddle through the tranquil wetlands of Mangalajodi on a kayaking adventure. Surrounded by migratory birds and floating vegetation, this eco-friendly experience brings you closer to Chilika’s serene natural ecosystem.",,,November to February,68d90c36fc0c58520c6cf20d,"State: Odisha, City: Chilika",2025-10-19T02:20:23.522Z,2025-10-19T02:20:23.522Z
68f44ae7e7a0fc520030fcea,Hirakud Reservoir Boat Trips,"Set sail on the calm waters of the vast Hirakud Reservoir. The scenic boat trip offers panoramic views of the world’s longest earthen dam, peaceful islands, and occasional glimpses of local wildlife along the banks.",,,October to March,68e5e54021c4af9b4a754987,"State: Odisha, City: Sambalpur",2025-10-19T02:20:23.522Z,2025-10-19T02:20:23.522Z
68f44ae7e7a0fc520030fceb,Gopalpur Beach Parasailing & Jet Ski,"Soar above the Bay of Bengal or speed across its waves at Gopalpur Beach. Parasailing and jet skiing here combine thrill and scenic beauty, offering a refreshing seaside adventure for water lovers.",,,October to May,68d90c36fc0c58520c6cf20d,"State: Odisha, City: Gopalpur",2025-10-19T02:20:23.522Z,2025-10-19T02:20:23.522Z
68f44ae7e7a0fc520030fcec,Odisha Museum Entry & Audio Guide,"Step into Odisha’s cultural legacy at the Odisha State Museum. With an engaging audio guide, explore galleries filled with ancient artifacts, manuscripts, and sculptures that narrate the region’s rich artistic and historical evolution.",,,October to March,68e5e54021c4af9b4a754987,"State: Odisha, City: Bhubaneswar",2025-10-19T02:20:23.522Z,2025-10-19T02:20:23.522Z
68f44ae7e7a0fc520030fced,Cuttack Silver Filigree Workshops,"Witness the intricate art of Cuttack’s famous silver filigree craft. During the workshop, artisans demonstrate how fine silver threads are shaped into exquisite jewelry and decorative pieces, offering visitors a hands-on cultural experience.",,,Year-round,68e5e54021c4af9b4a754986,"State: Odisha, City: Cuttack",2025-10-19T02:20:23.522Z,2025-10-19T02:20:23.522Z
68f44ae7e7a0fc520030fcee,Heritage Walking Tour,"Discover the charm of Puducherry’s French Quarter on a guided heritage walk through colonial boulevards, pastel buildings, and historic landmarks. The tour offers insights into the city’s unique Indo-French culture, serene architecture, and coastal atmosphere that make it one of India’s most picturesque towns.",,,October to March,68e5e54021c4af9b4a754983,"State: Puducherry, City: Puducherry",2025-10-19T02:20:23.523Z,2025-10-19T02:20:23.523Z
68f44ae7e7a0fc520030fcef,Scuba Diving,"Dive into the clear blue waters off Puducherry’s coast for an unforgettable underwater experience. Certified instructors guide beginners through coral reefs and colorful marine life, making this a thrilling way to explore the Bay of Bengal’s hidden beauty.",,,October to February,68d90c36fc0c58520c6cf20d,"State: Puducherry, City: Puducherry",2025-10-19T02:20:23.523Z,2025-10-19T02:20:23.523Z
68f44ae7e7a0fc520030fcf0,Sea Kayaking to Paradise Beach,"Embark on an exciting sea kayaking trip to Paradise Beach, paddling through gentle waves toward golden sands. This guided adventure offers both a physical challenge and breathtaking coastal views of Puducherry’s serene shoreline.",,,October to March,68d90c36fc0c58520c6cf20d,"State: Puducherry, City: Puducherry",2025-10-19T02:20:23.523Z,2025-10-19T02:20:23.523Z
68f44ae7e7a0fc520030fcf1,Snorkeling,"Enjoy a fun snorkeling adventure around Puducherry’s shallow coral reefs. With clear visibility and calm waters, it’s perfect for beginners seeking to spot tropical fish and vibrant underwater life just a few meters from the shoreline.",,,October to March,68d90c36fc0c58520c6cf20d,"State: Puducherry, City: Puducherry",2025-10-19T02:20:23.523Z,2025-10-19T02:20:23.523Z
68f44ae7e7a0fc520030fcf2,Sunset Boat Cruise,Enjoy a scenic sunset cruise along Puducherry’s coastline as the sky glows in shades of orange and gold. The calm sea breeze and panoramic ocean views make this short boat ride an ideal way to unwind after a day of exploration.,,,Year-round,68e5e54021c4af9b4a754987,"State: Puducherry, City: Puducherry",2025-10-19T02:20:23.523Z,2025-10-19T02:20:23.523Z
68f44ae7e7a0fc520030fcf3,Beach Water Sports Combo,"Experience the thrill of Puducherry’s beaches with a fun-filled combo of jet skiing, banana boat, and speed boat rides. The adventure-filled session along the sandy shores and blue waters offers excitement for both families and thrill-seekers.",,,October to May,68d90c36fc0c58520c6cf20d,"State: Puducherry, City: Puducherry",2025-10-19T02:20:23.523Z,2025-10-19T02:20:23.523Z
68f44ae7e7a0fc520030fcf4,Auroville Guided Tour,"Explore Auroville on a guided half-day tour that reveals the philosophy of universal harmony and sustainable living. Visitors can learn about the community’s architecture, visit the Matrimandir viewpoint, and experience the peaceful lifestyle that defines this global township.",,,Year-round,68e5e54021c4af9b4a754986,"State: Puducherry, City: Puducherry",2025-10-19T02:20:23.523Z,2025-10-19T02:20:23.523Z
68f44ae7e7a0fc520030fcf5,Kayaking in Backwaters,"Glide through the tranquil Chunnambar backwaters in a single or double kayak. Surrounded by lush mangroves and calm waterways, this relaxing activity offers a refreshing way to experience Puducherry’s scenic coastal charm and natural serenity.",,,October to March,68d90c36fc0c58520c6cf20d,"State: Puducherry, City: Puducherry",2025-10-19T02:20:23.523Z,2025-10-19T02:20:23.523Z
68f44ae7e7a0fc520030fcf6,Cycling Tours,"Pedal through Puducherry’s French and Tamil quarters on a guided cycling tour. With charming architecture, tree-lined streets, and glimpses of local life, it’s a refreshing way to explore the city’s blend of cultures and coastal charm.",,,October to March,68d90c36fc0c58520c6cf20d,"State: Puducherry, City: Puducherry",2025-10-19T02:20:23.523Z,2025-10-19T02:20:23.523Z
68f44ae7e7a0fc520030fcf7,Yoga Retreats,"Rejuvenate your body and mind with a day-long yoga and meditation retreat in Puducherry’s peaceful ashrams. Surrounded by calm surroundings, these sessions blend traditional practices with serene settings to offer a deeply relaxing wellness experience.",,,October to March,68f1c03170888f8a3ddf2efc,"State: Puducherry, City: Puducherry",2025-10-19T02:20:23.523Z,2025-10-19T02:20:23.523Z
68f44ae7e7a0fc520030fcf8,Serenity Beach Camping,Spend the night under the stars at Serenity Beach with cozy tent accommodation and a bonfire by the sea. The gentle sound of waves and starlit skies create an unforgettable coastal camping experience in Puducherry.,,,October to February,68e5e54021c4af9b4a754987,"State: Puducherry, City: Puducherry",2025-10-19T02:20:23.523Z,2025-10-19T02:20:23.523Z
68f44ae7e7a0fc520030fcf9,Heritage Home Stay Packages,"Stay in restored French-era villas that capture Puducherry’s colonial elegance. These heritage homestays combine traditional charm with modern comfort, offering travelers a unique chance to live amidst the city’s rich history and coastal ambiance.",,,October to March,68e5e54021c4af9b4a754986,"State: Puducherry, City: Puducherry",2025-10-19T02:20:23.523Z,2025-10-19T02:20:23.523Z
68f44ae7e7a0fc520030fcfa,Stand-Up Paddleboarding,"Try stand-up paddleboarding on the calm backwaters of Puducherry for a blend of balance, fun, and fitness. Perfect for beginners and water enthusiasts alike, this peaceful activity lets you soak in the scenic surroundings at your own pace.",,,October to March,68d90c36fc0c58520c6cf20d,"State: Puducherry, City: Puducherry",2025-10-19T02:20:23.523Z,2025-10-19T02:20:23.523Z
68f44ae7e7a0fc520030fcfb,Anandpur Sahib Heritage Tour,"Delve into Sikh history with a guided heritage tour of Anandpur Sahib. Visit revered gurdwaras, museums, and historical sites that narrate tales of faith, bravery, and the founding spirit of Khalsa.",,,October to March,68e5e54021c4af9b4a754983,"State: Punjab, City: Anandpur Sahib",2025-10-19T02:20:23.523Z,2025-10-19T02:20:23.523Z
68f44ae7e7a0fc520030fcfc,Rock Garden Entry and Boat Ride,"Discover Chandigarh’s iconic Rock Garden, filled with sculptures made from recycled materials. After exploring its creative pathways, unwind with a paddle boat ride on the serene Sukhna Lake nearby.",,,Year-round,68f389c75b1a905ca48c898e,"State: Punjab, City: Chandigarh",2025-10-19T02:20:23.523Z,2025-10-19T02:20:23.523Z
68f44ae7e7a0fc520030fcfd,Bathinda Fort Jeep Safari,"Embark on a guided jeep safari around the majestic Bathinda Fort, one of Punjab’s oldest historical landmarks. The ride offers panoramic views and engaging tales of valor, architecture, and royal legacy.",,,October to March,68e5e54021c4af9b4a754983,"State: Punjab, City: Bathinda",2025-10-19T02:20:23.523Z,2025-10-19T02:20:23.523Z
68f44ae7e7a0fc520030fcfe,Sukhna Lake Kayaking and Canoeing,"Embrace adventure on the calm waters of Sukhna Lake with kayaking or canoeing sessions. Surrounded by scenic hills, it’s an invigorating outdoor experience ideal for fitness lovers and nature enthusiasts alike.",,,October to March,68f1c03170888f8a3ddf2ef8,"State: Punjab, City: Chandigarh",2025-10-19T02:20:23.523Z,2025-10-19T02:20:23.523Z
68f44ae7e7a0fc520030fcff,Rangla Punjab Amusement Park,"Enjoy a lively day at Rangla Punjab Amusement Park, complete with thrilling rides and refreshing water slides. It’s a fun escape for families and groups looking to cool off and celebrate Punjab’s festive spirit.",,,April to October,68f389c75b1a905ca48c898e,"State: Punjab, City: Ludhiana",2025-10-19T02:20:23.523Z,2025-10-19T02:20:23.523Z
68f44ae7e7a0fc520030fd00,Golden Temple Parikrama Boat Ride,Enjoy a peaceful boat ride on the sacred sarovar surrounding the Golden Temple. The shimmering reflections of the gilded shrine and the soft chants in the air make this spiritual experience serene and memorable.,,,Year-round,68f1c03170888f8a3ddf2efc,"State: Punjab, City: Amritsar",2025-10-19T02:20:23.523Z,2025-10-19T02:20:23.523Z
68f44ae7e7a0fc520030fd01,Sheesh Mahal Light and Sound Show,Experience Patiala’s history come alive at the Sheesh Mahal Light and Sound Show. The illuminated palace and dramatic storytelling transport visitors through centuries of royal heritage and cultural splendor.,,,October to March,68e5e54021c4af9b4a754987,"State: Punjab, City: Patiala",2025-10-19T02:20:23.523Z,2025-10-19T02:20:23.523Z
68f44ae7e7a0fc520030fd02,Tattapani River Rafting,"Experience the thrill of white-water rafting on the Sutlej River near Hoshiarpur. Navigate exciting rapids amid scenic valleys, making it a must-try adventure for outdoor and adrenaline enthusiasts.",,,October to March,68e5e54021c4af9b4a754987,"State: Punjab, City: Hoshiarpur",2025-10-19T02:20:23.523Z,2025-10-19T02:20:23.523Z
68f44ae7e7a0fc520030fd03,City Heritage Walk,"Explore Patiala’s royal past on a guided heritage walk through Qila Mubarak and the bustling bazaars. Discover grand palaces, ornate gates, and vibrant markets reflecting the city’s regal legacy and Punjabi charm.",,,October to March,68e5e54021c4af9b4a754983,"State: Punjab, City: Patiala",2025-10-19T02:20:23.523Z,2025-10-19T02:20:23.523Z
68f44ae7e7a0fc520030fd04,Shivalik Fossil Park Guided Walks,"Explore prehistoric wonders at the Shivalik Fossil Park through a guided nature walk. Discover ancient fossils, learn about the region’s geological history, and enjoy scenic trails through this educational outdoor site.",,,October to March,68e5e54021c4af9b4a754986,"State: Punjab, City: Hoshiarpur",2025-10-19T02:20:23.523Z,2025-10-19T02:20:23.523Z
68f44ae7e7a0fc520030fd05,Thermal Springs Wellness Package,Rejuvenate at Bathinda’s therapeutic thermal springs with a wellness session known for its mineral-rich waters. The soothing spa-like experience offers natural relaxation and a touch of local healing tradition.,,,Year-round,68e5e54021c4af9b4a754987,"State: Punjab, City: Bathinda",2025-10-19T02:20:23.523Z,2025-10-19T02:20:23.523Z
68f44ae7e7a0fc520030fd06,Wonderland Amusement Park Entry,"Spend a fun-filled day at Wonderland Amusement Park in Jalandhar, where thrilling rides, wave pools, and water slides promise excitement for all ages. It’s a perfect retreat for families during Punjab’s warm summer months.",,,April to October,68d90c36fc0c58520c6cf20d,"State: Punjab, City: Jalandhar",2025-10-19T02:20:23.523Z,2025-10-19T02:20:23.523Z
68f44ae7e7a0fc520030fd07,Phillaur Fort Heritage Tour,"Step into Ludhiana’s colonial past with a guided tour of Phillaur Fort. Explore its sturdy architecture, ancient cannons, and historical relics while learning about the region’s strategic and cultural heritage.",,,October to March,68d90c36fc0c58520c6cf20d,"State: Punjab, City: Ludhiana",2025-10-19T02:20:23.523Z,2025-10-19T02:20:23.523Z
68f44ae7e7a0fc520030fd08,Heritage Walking Tours,"Stroll through Amritsar’s old lanes with a heritage guide, exploring hidden architectural gems and savoring traditional street food. The walk reveals the city’s deep history, from royal-era havelis to the aroma of local delicacies.",,,October to March,68e5e54021c4af9b4a754983,"State: Punjab, City: Amritsar",2025-10-19T02:20:23.523Z,2025-10-19T02:20:23.523Z
68f44ae7e7a0fc520030fd09,Bhakra Nangal Dam Guided Tour,Take a guided tour of the monumental Bhakra Nangal Dam and its power station. Learn about this engineering marvel while enjoying sweeping views of the Sutlej River and surrounding landscapes.,,,October to March,68f389c75b1a905ca48c898e,"State: Punjab, City: Hoshiarpur",2025-10-19T02:20:23.525Z,2025-10-19T02:20:23.525Z
68f44ae7e7a0fc520030fd0a,Kila Anandpur Sahib Light and Sound Show,"Watch Sikh history unfold at the Kila Anandpur Sahib Light and Sound Show. Through music and narration, the illuminated fort revives the valor and legacy of the Gurus and Punjab’s glorious heritage.",,,October to March,68e5e54021c4af9b4a754983,"State: Punjab, City: Anandpur Sahib",2025-10-19T02:20:23.525Z,2025-10-19T02:20:23.525Z
68f44ae7e7a0fc520030fd0b,Wagah Border March Ceremony,"Witness the electrifying Wagah Border ceremony, where Indian and Pakistani soldiers perform a synchronized parade filled with energy and patriotism. The lively cheers, music, and flag-lowering ritual create an unforgettable evening of national pride.",,,October to March,68e5e54021c4af9b4a754986,"State: Punjab, City: Amritsar",2025-10-19T02:20:23.525Z,2025-10-19T02:20:23.525Z
68f44ae7e7a0fc520030fd0c,Pushkar Camel Trek,Discover Pushkar’s rustic charm on a peaceful camel trek around its desert fringes and lakeside dunes. The gentle ride through golden sands offers panoramic views and a glimpse into Rajasthan’s timeless desert life.,,,October to March,68d90c36fc0c58520c6cf20d,"State: Rajasthan, City: Pushkar",2025-10-19T02:20:23.526Z,2025-10-19T02:20:23.526Z
68f44ae7e7a0fc520030fd0d,Desert Camel Safari,"Embark on a traditional camel safari across Bikaner’s sweeping sand dunes. Traverse quiet desert trails, watch the sunset paint the horizon, and experience the raw beauty of Rajasthan’s vast wilderness.",,,October to March,68d90c36fc0c58520c6cf20d,"State: Rajasthan, City: Bikaner",2025-10-19T02:20:23.526Z,2025-10-19T02:20:23.526Z
68f44ae7e7a0fc520030fd0e,Lake Nakki Boating,"Enjoy a serene boating experience on the scenic Nakki Lake in Mount Abu. Paddle or row across crystal-clear waters surrounded by lush hills, temples, and rock formations — a refreshing retreat in Rajasthan’s only hill station.",,,October to February,68e5e54021c4af9b4a754987,"State: Rajasthan, City: Mount Abu",2025-10-19T02:20:23.526Z,2025-10-19T02:20:23.526Z
68f44ae7e7a0fc520030fd0f,Mehrangarh Fort Zipline Adventure,"Experience a rush of adrenaline as you zip-line across the majestic Mehrangarh Fort. Soar above ramparts, lakes, and rocky landscapes while taking in spectacular views of the Blue City and its timeless desert charm.",,,October to March,68d90c36fc0c58520c6cf20d,"State: Rajasthan, City: Jodhpur",2025-10-19T02:20:23.526Z,2025-10-19T02:20:23.526Z
68f44ae7e7a0fc520030fd10,Guided City Walking Tour,"Explore Ajmer’s vibrant streets and historic sites on a guided walking tour. Wander through centuries-old bazaars, marvel at Mughal architecture, and soak in the city’s blend of spiritual energy and cultural depth.",,,October to March,68f389c75b1a905ca48c898e,"State: Rajasthan, City: Ajmer",2025-10-19T02:20:23.526Z,2025-10-19T02:20:23.526Z
68f44ae7e7a0fc520030fd11,Desert Camping and Camel Safari,"Immerse yourself in Jaisalmer’s golden dunes with a camel safari and overnight desert camp. Ride into the sunset, enjoy cultural performances under a starry sky, and wake up to the tranquil beauty of Rajasthan’s Thar Desert.",,,October to March,68d90c36fc0c58520c6cf20d,"State: Rajasthan, City: Jaisalmer",2025-10-19T02:20:23.526Z,2025-10-19T02:20:23.526Z
68f44ae7e7a0fc520030fd12,Private Lake Pichola Boat Cruise,"Sail across the shimmering waters of Lake Pichola on a private boat cruise. Admire Udaipur’s magnificent palaces, historic ghats, and the Aravalli hills reflected in the tranquil lake during golden hour — an experience steeped in romance and heritage.",,,October to March,68e5e54021c4af9b4a754983,"State: Rajasthan, City: Udaipur",2025-10-19T02:20:23.526Z,2025-10-19T02:20:23.526Z
68f44ae7e7a0fc520030fd13,Sariska Tiger Reserve Jeep Safari,"Set off on a thrilling jeep safari in Sariska Tiger Reserve near Alwar. Traverse forested hills and grasslands while spotting tigers, sambar deer, and exotic birds amid the Aravalli wilderness — a paradise for wildlife enthusiasts.",,,October to March,68e5e54021c4af9b4a754987,"State: Rajasthan, City: Alwar",2025-10-19T02:20:23.527Z,2025-10-19T02:20:23.527Z
68f44ae7e7a0fc520030fd14,Hot Air Balloon Ride,"Soar over Jaipur’s royal skyline at sunrise on a hot air balloon ride. Glide above ancient forts, serene lakes, and pink-hued palaces as the morning light unveils Rajasthan’s regal beauty from a breathtaking aerial view.",,,October to March,68d90c36fc0c58520c6cf20d,"State: Rajasthan, City: Jaipur",2025-10-19T02:20:23.527Z,2025-10-19T02:20:23.527Z
68f44ae7e7a0fc520030fd15,Ranthambore Jeep Safari,"Venture into Ranthambore National Park on an open jeep safari to spot tigers, leopards, and deer in their natural habitat. The journey through dense forests and ancient ruins promises both thrill and awe-inspiring wildlife encounters.",,,November to June,68f389c75b1a905ca48c898e,"State: Rajasthan, City: Ranthambore",2025-10-19T02:20:23.527Z,2025-10-19T02:20:23.527Z
68f44ae7e7a0fc520030fd16,North Sikkim Sharing Tour (Lachung–Yumthang),"Discover North Sikkim’s alpine charm on a 2-day group tour covering Lachung and the enchanting Yumthang Valley. Snow-capped peaks, hot springs, and blooming meadows make this affordable excursion a perfect mountain escape for nature lovers.",,,April to June and October to December,68d90c36fc0c58520c6cf20d,"State: Sikkim, City: Lachung",2025-10-19T02:20:23.527Z,2025-10-19T02:20:23.527Z
68f44ae7e7a0fc520030fd17,Yak Trekking to Dzongri,"Embark on a unique yak-supported trek from Yuksom to Dzongri through rhododendron forests and alpine meadows. As you ascend, witness spellbinding views of Kanchenjunga and experience the traditional way of traversing the Himalayas with these sure-footed companions.",,,April to June,68d90c36fc0c58520c6cf20d,"State: Sikkim, City: Yuksom",2025-10-19T02:20:23.527Z,2025-10-19T02:20:23.527Z
68f44ae7e7a0fc520030fd18,Yak Safari at Tsomgo Lake,"Experience a traditional Yak Safari around the glacial Tsomgo Lake near Gangtok. Clad in colorful decorations, these gentle giants take you on a slow, scenic loop through icy mountain air, offering an unforgettable glimpse into Sikkim’s high-altitude culture.",,,November to February,68d90c36fc0c58520c6cf20d,"State: Sikkim, City: Gangtok",2025-10-19T02:20:23.527Z,2025-10-19T02:20:23.527Z
68f44ae7e7a0fc520030fd19,Lachung–Lachen Guided Tour Package,"Explore the untouched beauty of North Sikkim on a 5-day guided tour covering Lachung, Lachen, Gurudongmar Lake, and Yumthang Valley. With breathtaking high-altitude landscapes and serene villages, it’s a journey that captures Sikkim’s raw Himalayan spirit.",,,March to May,68f389ff5b1a905ca48c898f,"State: Sikkim, City: Lachung",2025-10-19T02:20:23.527Z,2025-10-19T02:20:23.527Z
68f44ae7e7a0fc520030fd1a,Zip-lining at Kanchenjunga Falls,Fly across the lush gorge near Kanchenjunga Falls on an exhilarating zip-line adventure. The rush of wind and the sight of cascading waterfalls below make this one of Pelling’s most thrilling outdoor experiences for nature and adventure lovers.,,,October to May,68d90c36fc0c58520c6cf20d,"State: Sikkim, City: Pelling",2025-10-19T02:20:23.527Z,2025-10-19T02:20:23.527Z
68f44ae7e7a0fc520030fd1b,Helicopter Joy Ride,"Get a bird’s-eye view of Gangtok’s majestic hills and valleys on a short helicopter joy ride. In just 15–20 minutes, witness the grandeur of the Eastern Himalayas, fluttering prayer flags, and emerald valleys — a once-in-a-lifetime aerial experience.",,,Year-round (weather permitting),68d90c36fc0c58520c6cf20d,"State: Sikkim, City: Gangtok",2025-10-19T02:20:23.527Z,2025-10-19T02:20:23.527Z
68f44ae7e7a0fc520030fd1c,Bungee Jumping at Singshore Bridge,"Leap into adventure from the 198-meter-high Singshore Bridge, one of Sikkim’s highest suspension bridges. The freefall over the scenic Lhonak River gorge is a breathtaking test of courage surrounded by pristine mountain landscapes.",,,October to May,68d90c36fc0c58520c6cf20d,"State: Sikkim, City: Pelling",2025-10-19T02:20:23.527Z,2025-10-19T02:20:23.527Z
68f44ae7e7a0fc520030fd1d,Teesta River Rafting,"Ride the rapids of the Teesta River near Gangtok on a thrilling white-water rafting adventure. Ideal for beginners and adventure enthusiasts alike, this short 7 km stretch delivers both adrenaline and stunning Himalayan scenery along winding valleys.",,,April to June and October to December,68e5e54021c4af9b4a754987,"State: Sikkim, City: Gangtok",2025-10-19T02:20:23.527Z,2025-10-19T02:20:23.527Z
68f44ae7e7a0fc520030fd1e,Gangtok Ropeway Ride,Soar above Gangtok’s vibrant streets on an aerial cable car ride from Deorali Bazar to Namnang. This short yet thrilling journey offers breathtaking panoramic views of the cityscape and surrounding hills — a perfect way to capture Sikkim’s mountain charm from the skies.,,,Year-round except monsoon,68f389c75b1a905ca48c898e,"State: Sikkim, City: Gangtok",2025-10-19T02:20:23.527Z,2025-10-19T02:20:23.527Z
68f44ae7e7a0fc520030fd1f,Pelling Skywalk Experience,"Step onto India’s first glass-bottom skywalk in Pelling and look down upon a sweeping valley from dizzying heights. Overlooking the majestic Chenrezig statue, this experience combines spirituality, thrill, and mesmerizing Himalayan views all in one spot.",,,October to May,68e5e54021c4af9b4a754983,"State: Sikkim, City: Pelling",2025-10-19T02:20:23.527Z,2025-10-19T02:20:23.527Z
68f44ae7e7a0fc520030fd20,Rock Fort Temple Tours,Climb the ancient Rock Fort in Trichy with guided temple tours offering panoramic city views. This blend of spirituality and adventure connects visitors to centuries of Tamil heritage.,,,October to March,68d90c36fc0c58520c6cf20d,"State: Tamil Nadu, City: Tiruchirappalli (Trichy)",2025-10-19T02:20:23.527Z,2025-10-19T02:20:23.527Z
68f44ae7e7a0fc520030fd21,Heritage Walking Tours,"Discover Madurai’s soul on a guided heritage walk through ancient temples, bustling bazaars, and narrow lanes. The experience unveils the city’s architectural wonders and timeless cultural traditions.",,,October to March,68e5e54021c4af9b4a754983,"State: Tamil Nadu, City: Madurai",2025-10-19T02:20:23.528Z,2025-10-19T02:20:23.528Z
68f44ae7e7a0fc520030fd22,Street Food Walking Tours,"Embark on a flavorful walk through Chennai’s bustling Sowcarpet streets, tasting traditional snacks, sweets, and local favorites. This guided culinary trail captures the city’s vibrant culture through its irresistible aromas and authentic street food experiences.",,,October to March,68f1c03170888f8a3ddf2ef8,"State: Tamil Nadu, City: Chennai",2025-10-19T02:20:23.528Z,2025-10-19T02:20:23.528Z
68f44ae7e7a0fc520030fd23,Private Temple Tours,"Embark on a spiritual journey across Rameswaram’s sacred temples with guided tours that explore its religious heritage, architectural grandeur, and divine significance along India’s southern coast.",,,October to March,68f389c75b1a905ca48c898e,"State: Tamil Nadu, City: Rameswaram",2025-10-19T02:20:23.528Z,2025-10-19T02:20:23.528Z
68f44ae7e7a0fc520030fd24,Coonoor to Ooty Train Ride,"Enjoy a short yet scenic journey aboard the heritage mountain railway connecting Coonoor and Ooty. The ride offers panoramic views of valleys, bridges, and tea plantations amidst cool mountain breezes.",,,October to June,68f389c75b1a905ca48c898e,"State: Tamil Nadu, City: Ooty (Udhagamandalam)",2025-10-19T02:20:23.528Z,2025-10-19T02:20:23.528Z
68f44ae7e7a0fc520030fd25,Toy Train Rides,"Experience the charm of the Nilgiri Mountain Railway, a UNESCO World Heritage route offering breathtaking views of misty hills, tunnels, and tea estates as it chugs between Mettupalayam and Ooty.",,,October to June,68f389c75b1a905ca48c898e,"State: Tamil Nadu, City: Ooty (Udhagamandalam)",2025-10-19T02:20:23.528Z,2025-10-19T02:20:23.528Z
68f44ae7e7a0fc520030fd26,Combined Day Trips,"Experience the heritage of Tamil Nadu with a combined day trip from Chennai covering Mahabalipuram and Kanchipuram. Discover magnificent temples, ancient carvings, and coastal beauty in a single cultural journey.",,,October to March,68f389c75b1a905ca48c898e,"State: Tamil Nadu, City: Mahabalipuram",2025-10-19T02:20:23.528Z,2025-10-19T02:20:23.528Z
68f44ae7e7a0fc520030fd27,Private City Tours,"Explore Chennai’s highlights with a guided full-day city tour. Visit historic temples, colonial landmarks, and serene beaches, all while learning about the cultural evolution of Tamil Nadu’s lively capital.",,,October to March,68d90c36fc0c58520c6cf20d,"State: Tamil Nadu, City: Chennai",2025-10-19T02:20:23.528Z,2025-10-19T02:20:23.528Z
68f44ae7e7a0fc520030fd28,Brihadeeswarar Temple Tours,"Explore the grandeur of Brihadeeswarar Temple, a UNESCO World Heritage Site showcasing Chola architecture. Guided tours reveal its engineering marvels, intricate carvings, and timeless spiritual legacy.",,,October to March,68f1c03170888f8a3ddf2efc,"State: Tamil Nadu, City: Thanjavur",2025-10-19T02:20:23.528Z,2025-10-19T02:20:23.528Z
68f44ae7e7a0fc520030fd29,Adventure Sports Packages,"Fuel your adventurous spirit in Kodaikanal with trekking, zip-lining, and mountain biking. Set against the stunning Western Ghats, these activities combine adrenaline with scenic beauty for a memorable outdoor day.",,,October to May,68d90c36fc0c58520c6cf20d,"State: Tamil Nadu, City: Kodaikanal",2025-10-19T02:20:23.528Z,2025-10-19T02:20:23.528Z
68f44ae7e7a0fc520030fd2a,Lake Boating,"Glide over the calm waters of Kodai Lake on a rowboat, pedal boat, or shikara. Surrounded by lush greenery and misty hills, this peaceful experience is a Kodaikanal classic for families and couples.",,,Year-round,68e5e54021c4af9b4a754987,"State: Tamil Nadu, City: Kodaikanal",2025-10-19T02:20:23.528Z,2025-10-19T02:20:23.528Z
68f44ae7e7a0fc520030fd2b,Cooking Classes,"Join hands-on cooking sessions in Chennai to master the art of vegetarian Tamil cuisine. Learn traditional recipes, use local spices, and enjoy a delicious homemade meal that celebrates the region’s culinary heritage.",,,Year-round,68f1c03170888f8a3ddf2ef8,"State: Tamil Nadu, City: Chennai",2025-10-19T02:20:23.528Z,2025-10-19T02:20:23.528Z
68f44ae7e7a0fc520030fd2c,Temple Circuit Tours,"Journey through Kanchipuram’s ancient temples on guided tours exploring Dravidian architecture, intricate carvings, and the city’s deep-rooted spiritual significance in South India.",,,October to March,68d90c36fc0c58520c6cf20d,"State: Tamil Nadu, City: Kanchipuram",2025-10-19T02:20:23.528Z,2025-10-19T02:20:23.528Z
68f44ae7e7a0fc520030fd2d,Rickshaw Tours,"Ride through Madurai’s vibrant neighborhoods in an auto-rickshaw, stopping at temples, markets, and heritage spots. This unique tour offers a local perspective on the city’s everyday rhythm and charm.",,,October to March,68d90c36fc0c58520c6cf20d,"State: Tamil Nadu, City: Madurai",2025-10-19T02:20:23.528Z,2025-10-19T02:20:23.528Z
68f44ae7e7a0fc520030fd2e,Heritage Walking Tours,"Step back in time with a heritage walk through Chennai’s British-era architecture and cultural quarters. Discover stories of colonial charm, local artistry, and timeless traditions woven into the city’s streets.",,,October to March,68e5e54021c4af9b4a754983,"State: Tamil Nadu, City: Chennai",2025-10-19T02:20:23.528Z,2025-10-19T02:20:23.528Z
68f44ae7e7a0fc520030fd2f,Silk Weaving Tours,"Step into Kanchipuram’s weaving workshops to witness the making of its world-famous silk sarees. Learn about traditional looms, dyeing techniques, and the artisans preserving this timeless craft.",,,Year-round,68d90c36fc0c58520c6cf20d,"State: Tamil Nadu, City: Kanchipuram",2025-10-19T02:20:23.528Z,2025-10-19T02:20:23.528Z
68f44ae7e7a0fc520030fd30,Food Tours,"Taste your way through Madurai’s streets with guided food tours featuring local delicacies like jigarthanda, parotta, and dosai. It’s a feast for the senses, blending flavor with local storytelling.",,,Year-round,68f1c03170888f8a3ddf2ef8,"State: Tamil Nadu, City: Madurai",2025-10-19T02:20:23.528Z,2025-10-19T02:20:23.528Z
68f44ae7e7a0fc520030fd31,Art Gallery Tours,Visit Thanjavur’s historic Maratha Palace and traditional art galleries. Witness the creation of iconic Tanjore paintings and learn about the region’s rich legacy in classical arts and architecture.,,,Year-round,68e5e54021c4af9b4a754986,"State: Tamil Nadu, City: Thanjavur",2025-10-19T02:20:23.528Z,2025-10-19T02:20:23.528Z
68f44ae7e7a0fc520030fd32,Private Heritage Tours,"Walk through the ancient wonders of Mahabalipuram, exploring the Shore Temple, Arjuna’s Penance, and rock-cut sculptures. These guided tours bring to life the art and history of the Pallava dynasty.",,,October to March,68f389c75b1a905ca48c898e,"State: Tamil Nadu, City: Mahabalipuram",2025-10-19T02:20:23.528Z,2025-10-19T02:20:23.528Z
68f44ae7e7a0fc520030fd33,Nagarjuna Sagar Dam Tours,"Discover the engineering marvel of Nagarjuna Sagar Dam with guided sightseeing and scenic boat rides. Surrounded by green hills and flowing waters, it’s a blend of nature, history, and leisure.",,,October to May,68e5e54021c4af9b4a754987,"State: Telangana, City: Mahbubnagar",2025-10-19T02:20:23.528Z,2025-10-19T02:20:23.528Z
68f44ae7e7a0fc520030fd34,Ramappa Temple Heritage Tours,"Discover the exquisite Kakatiya craftsmanship at the UNESCO-listed Ramappa Temple. Guided tours reveal intricate carvings, ancient temple legends, and the region’s architectural brilliance set amid a serene countryside backdrop.",,,October to March,68f1c03170888f8a3ddf2efc,"State: Telangana, City: Warangal",2025-10-19T02:20:23.528Z,2025-10-19T02:20:23.528Z
68f44ae7e7a0fc520030fd35,Jungle Safari Tours,"Embark on guided wildlife safaris across Mahbubnagar’s forest reserves. Experience lush trails, spot native animals, and enjoy the peaceful wilderness of Telangana’s lesser-known eco-destinations.",,,November to March,68e5e54021c4af9b4a754987,"State: Telangana, City: Mahbubnagar",2025-10-19T02:20:23.528Z,2025-10-19T02:20:23.528Z
68f44ae7e7a0fc520030fd36,Adventure Sports Packages,"Embrace adventure in Warangal with thrilling activities like trekking, mountain biking, and zip-lining. Set amid rugged hills and scenic trails, these experiences are ideal for outdoor lovers seeking both challenge and beauty.",,,October to May,68d90c36fc0c58520c6cf20d,"State: Telangana, City: Warangal",2025-10-19T02:20:23.528Z,2025-10-19T02:20:23.528Z
68f44ae7e7a0fc520030fd37,Lower Manair Dam Boating,"Enjoy serene boat rides on the shimmering waters of Lower Manair Dam. Surrounded by lush landscapes, this peaceful experience is ideal for families and couples seeking a refreshing escape.",,,October to May,68f389c75b1a905ca48c898e,"State: Telangana, City: Karimnagar",2025-10-19T02:20:23.529Z,2025-10-19T02:20:23.529Z
68f44ae7e7a0fc520030fd38,Tipeshwar Wildlife Safari,"Experience thrilling wildlife encounters on a multi-day safari through Tipeshwar Sanctuary. Spot tigers, leopards, and other fauna, complemented by comfortable lodging and guided nature expeditions.",,,October to May,68e5e54021c4af9b4a754987,"State: Telangana, City: Nizamabad",2025-10-19T02:20:23.529Z,2025-10-19T02:20:23.529Z
68f44ae7e7a0fc520030fd39,Kinnerasani Wildlife Safari,"Explore Kinnerasani Wildlife Sanctuary on a guided safari blending forest treks and scenic boating. Home to deer, wild boar, and migratory birds, it’s a tranquil retreat for nature and photography enthusiasts.",,,November to March,68e5e54021c4af9b4a754987,"State: Telangana, City: Khammam",2025-10-19T02:20:23.529Z,2025-10-19T02:20:23.529Z
68f44ae7e7a0fc520030fd3a,Kakatiya Heritage Day Tours,"Explore Warangal’s glorious past through visits to the Thousand Pillar Temple, Warangal Fort, and local heritage sites. Perfect for history enthusiasts, this tour unveils Telangana’s medieval architecture and rich cultural roots.",,,October to March,68e5e54021c4af9b4a754983,"State: Telangana, City: Warangal",2025-10-19T02:20:23.529Z,2025-10-19T02:20:23.529Z
68f44ae7e7a0fc520030fd3b,Adventure Tour Packages,"Indulge in multi-day adventure packages offering trekking, camping, and outdoor activities across scenic spots in Siddipet. Perfect for nature lovers seeking thrill and serenity in rural Telangana.",,,October to May,68d90c36fc0c58520c6cf20d,"State: Telangana, City: Siddipet",2025-10-19T02:20:23.529Z,2025-10-19T02:20:23.529Z
68f44ae7e7a0fc520030fd3c,Pocharam Wildlife Safari,"Journey through the Pocharam Wildlife Sanctuary on a guided jeep safari. Encounter deer, peacocks, and diverse bird species while soaking in the lush greenery and tranquil lakes of this hidden natural retreat.",,,November to March,68e5e54021c4af9b4a754983,"State: Telangana, City: Nizamabad",2025-10-19T02:20:23.530Z,2025-10-19T02:20:23.530Z
68f44ae7e7a0fc520030fd3d,Falaknuma Palace Heritage Walk,"Relive the royal grandeur of the Nizams on a guided heritage walk through Falaknuma Palace. Experience opulent interiors, panoramic city views, and the legacy of Hyderabad’s regal past, complemented by a curated high-tea session.",,,October to March,68e5e54021c4af9b4a754983,"State: Telangana, City: Hyderabad",2025-10-19T02:20:23.530Z,2025-10-19T02:20:23.530Z
68f44ae7e7a0fc520030fd3e,Bhadrachalam Papikondalu Tours,"Sail through the stunning Papikondalu Hills on a river cruise from Bhadrachalam. Enjoy picturesque landscapes, cultural tales, and temple visits as you drift along the serene Godavari River.",,,October to March,68e5e54021c4af9b4a754987,"State: Telangana, City: Khammam",2025-10-19T02:20:23.530Z,2025-10-19T02:20:23.530Z
68f44ae7e7a0fc520030fd3f,Food Walking Tours,"Savor Hyderabad’s legendary flavors on a guided food walk featuring aromatic biryani, kebabs, and Irani chai. Perfect for culinary explorers, this experience combines history and gastronomy across the city’s iconic eateries and old markets.",,,Year-round,68f1c03170888f8a3ddf2ef8,"State: Telangana, City: Hyderabad",2025-10-19T02:20:23.530Z,2025-10-19T02:20:23.530Z
68f44ae7e7a0fc520030fd40,District Gravity Adventure Park,"Spend an action-packed day at this adventure zone featuring zip-lining, a human slingshot, and giant swings. Ideal for thrill-seekers and families, the park offers safe yet exhilarating outdoor fun in the heart of Telangana.",,,Year-round,68d90c36fc0c58520c6cf20d,"State: Telangana, City: Hyderabad",2025-10-19T02:20:23.530Z,2025-10-19T02:20:23.530Z
68f44ae7e7a0fc520030fd41,Ramoji Film City Tours,"Step into the magical world of cinema with guided tours through Ramoji Film City. Explore film sets, enjoy thrilling rides, and witness live entertainment in one of the world’s largest film studio complexes.",,,Year-round,68e5e54021c4af9b4a754983,"State: Telangana, City: Hyderabad",2025-10-19T02:20:23.530Z,2025-10-19T02:20:23.530Z
68f44ae7e7a0fc520030fd42,Bungee Jumping,"Take a thrilling 200-foot leap with Hyderabad’s bungee jumping experience. Feel the adrenaline rush as you dive from a fixed crane setup, surrounded by trained professionals ensuring safety and excitement in equal measure.",,,October to June,68d90c36fc0c58520c6cf20d,"State: Telangana, City: Hyderabad",2025-10-19T02:20:23.530Z,2025-10-19T02:20:23.530Z
68f44ae7e7a0fc520030fd43,Kaleshwaram Temple Tours,"Visit the revered Kaleshwaram Temple on guided spiritual tours. Explore sacred shrines, learn about local rituals, and witness the scenic confluence of rivers that enhances this pilgrimage experience.",,,Year-round,68f1c03170888f8a3ddf2efc,"State: Telangana, City: Karimnagar",2025-10-19T02:20:23.530Z,2025-10-19T02:20:23.530Z
68f44ae7e7a0fc520030fd44,Heritage Walking Tours,"Walk through the historic lanes of Hyderabad’s Old City, exploring Charminar, Chowmahalla Palace, and bustling bazaars. Led by local guides, these tours reveal tales of Nizami grandeur, Indo-Islamic architecture, and the city’s rich cultural blend.",,,October to March,68e5e54021c4af9b4a754983,"State: Telangana, City: Hyderabad",2025-10-19T02:20:23.530Z,2025-10-19T02:20:23.530Z
68f44ae7e7a0fc520030fd45,Adventure Activity Combo,"Add excitement to your trip with adventure combos featuring zip-lining, rope courses, and wall climbing in Udaipur. Set amid natural greenery, it’s perfect for thrill seekers and outdoor enthusiasts.",,,October to May,68d90c36fc0c58520c6cf20d,"State: Tripura, City: Udaipur",2025-10-19T02:20:23.530Z,2025-10-19T02:20:23.530Z
68f44ae7e7a0fc520030fd46,IRCTC Tripura Tours,"Discover Tripura’s major attractions through 5–6 day guided tours covering Agartala, Udaipur, and Unakoti. This curated experience combines comfort, culture, and natural exploration across the scenic state.",,,Year-round,68f389c75b1a905ca48c898e,"State: Tripura, City: Multi-City Tripura",2025-10-19T02:20:23.530Z,2025-10-19T02:20:23.530Z
68f44ae7e7a0fc520030fd47,Archaeological Tours,"Discover Tripura’s rich heritage on 4-day archaeological tours visiting ancient temples, palaces, and historical ruins. Each stop reveals fascinating stories of art, architecture, and royal legacy.",,,October to March,68e5e54021c4af9b4a754983,"State: Tripura, City: Agartala",2025-10-19T02:20:23.531Z,2025-10-19T02:20:23.531Z
68f44ae7e7a0fc520030fd48,Blissful Tripura Package Tours,"Embark on a 6-day state-wide journey exploring Tripura’s royal palaces, temples, wildlife sanctuaries, and cultural heritage. Perfect for travelers seeking an immersive mix of history, spirituality, and nature.",,,October to March,68f389ff5b1a905ca48c898f,"State: Tripura, City: Multi-City Tripura",2025-10-19T02:20:23.531Z,2025-10-19T02:20:23.531Z
68f44ae7e7a0fc520030fd49,Unakoti Day Excursions,"Embark on a day trip from Dharmanagar to Unakoti’s ancient rock-cut marvels. With expert guidance, discover mythical carvings, forest trails, and the spiritual legends behind this archaeological treasure.",,,October to March,68f389c75b1a905ca48c898e,"State: Tripura, City: Dharmanagar",2025-10-19T02:20:23.531Z,2025-10-19T02:20:23.531Z
68f44ae7e7a0fc520030fd4a,Kali Dighi Lake Evening Tours,Enjoy a peaceful evening stroll by the illuminated Kali Dighi Lake. The colorful fountains and lakeside ambiance make this guided experience ideal for relaxation and scenic photography.,,,Year-round,68e5e54021c4af9b4a754987,"State: Tripura, City: Dharmanagar",2025-10-19T02:20:23.531Z,2025-10-19T02:20:23.531Z
68f44ae7e7a0fc520030fd4b,Neermahal Private Boat Tours,Enjoy a private boat journey across Rudrasagar Lake to the iconic Neermahal Palace. The peaceful ride offers exclusive views of Tripura’s only water palace and its royal grandeur surrounded by nature.,,,October to April,68e5e54021c4af9b4a754986,"State: Tripura, City: Agartala",2025-10-19T02:20:23.531Z,2025-10-19T02:20:23.531Z
68f44ae7e7a0fc520030fd4c,Tripura Tourism Package Tours,"Experience the best of Tripura with an 8-day guided tour covering palaces, temples, lakes, and wildlife. Ideal for culture lovers and nature seekers, this comprehensive trip includes comfortable stays and local exploration.",,,Year-round,68f389c75b1a905ca48c898e,"State: Tripura, City: Agartala",2025-10-19T02:20:23.531Z,2025-10-19T02:20:23.531Z
68f44ae7e7a0fc520030fd4d,Nature Trip Packages,"Experience Tripura’s pristine landscapes on 3-day customized nature tours. From lakes and forests to tribal villages, these guided trips offer an intimate encounter with the state’s natural splendor.",,,October to April,68e5e54021c4af9b4a754987,"State: Tripura, City: Multi-City Tripura",2025-10-19T02:20:23.531Z,2025-10-19T02:20:23.531Z
68f44ae7e7a0fc520030fd4e,Sepahijala Wildlife Safari,"Explore Tripura’s natural beauty on a thrilling jeep safari through Sepahijala Wildlife Sanctuary. Spot deer, primates, and rare birds while learning about the region’s biodiversity amid lush green forests and serene lakes.",,,October to March,68e5e54021c4af9b4a754987,"State: Tripura, City: Agartala",2025-10-19T02:20:23.532Z,2025-10-19T02:20:23.532Z
68f44ae7e7a0fc520030fd4f,Trishna Wildlife Sanctuary Tours,"Explore Trishna Wildlife Sanctuary on guided jeep tours through lush forests and wetlands. Spot bison, deer, and vibrant birdlife while soaking in the unspoiled natural beauty of Tripura’s countryside.",,,November to March,68e5e54021c4af9b4a754987,"State: Tripura, City: Ambassa",2025-10-19T02:20:23.532Z,2025-10-19T02:20:23.532Z
68f44ae7e7a0fc520030fd50,Neermahal Boat Rides,Glide across Rudrasagar Lake on a scenic motorboat ride to the magnificent Neermahal Palace. The tranquil waters and majestic palace reflections create a picture-perfect experience for travelers and photographers alike.,,,October to April,68e5e54021c4af9b4a754987,"State: Tripura, City: Agartala",2025-10-19T02:20:23.532Z,2025-10-19T02:20:23.532Z
68f44ae7e7a0fc520030fd51,Devtamura Rock Carving Tours,"Journey through dense forests and rivers to see the stunning rock carvings at Devtamura. These ancient sculptures, perched along river cliffs, showcase Tripura’s spiritual and artistic legacy.",,,October to March,68e5e54021c4af9b4a754983,"State: Tripura, City: Belonia",2025-10-19T02:20:23.532Z,2025-10-19T02:20:23.532Z
68f44ae7e7a0fc520030fd52,Unakoti Heritage Site Tours,Marvel at the ancient rock carvings of Unakoti on guided heritage tours. The massive stone sculptures hidden in forested hills narrate centuries of devotion and artistry unique to Tripura.,,,October to March,68e5e54021c4af9b4a754983,"State: Tripura, City: Kailashahar",2025-10-19T02:20:23.532Z,2025-10-19T02:20:23.532Z
68f44ae7e7a0fc520030fd53,Eco Tourism Packages,"Reconnect with nature through 5-day eco tours that explore Tripura’s forests, lakes, and rural landscapes. Enjoy birdwatching, guided walks, and cultural interactions that reveal the state’s natural charm and simplicity.",,,October to March,68e5e54021c4af9b4a754987,"State: Tripura, City: Agartala",2025-10-19T02:20:23.532Z,2025-10-19T02:20:23.532Z
68f44ae7e7a0fc520030fd54,Khowrabil Lake Boating,"Sail across the calm waters of Khowrabil Lake to its scenic island center. The tranquil setting, surrounded by greenery and birdsong, makes it a delightful escape for nature lovers.",,,October to April,68e5e54021c4af9b4a754987,"State: Tripura, City: Kailashahar",2025-10-19T02:20:23.532Z,2025-10-19T02:20:23.532Z
68f44ae7e7a0fc520030fd55,Pilak Archaeological Tours,Step back in time with guided tours of Pilak’s ancient archaeological ruins. The site’s stone carvings and terracotta sculptures reveal a fascinating blend of Hindu and Buddhist art from Tripura’s glorious past.,,,October to March,68f389c75b1a905ca48c898e,"State: Tripura, City: Belonia",2025-10-19T02:20:23.532Z,2025-10-19T02:20:23.532Z
68f44ae7e7a0fc520030fd56,Cultural Heritage Walking Tours,"Uncover Agartala’s cultural charm on guided walks through Ujjayanta Palace, bustling local markets, and colonial streets. Learn about Tripura’s royal history while experiencing everyday life and traditional architecture.",,,October to March,68e5e54021c4af9b4a754986,"State: Tripura, City: Agartala",2025-10-19T02:20:23.532Z,2025-10-19T02:20:23.532Z
68f44ae7e7a0fc520030fd57,Tripura Sundari Temple Tours,"Visit the revered Tripura Sundari Temple, one of India’s 51 Shakti Peethas, on guided pilgrimage tours. Discover centuries-old traditions and spiritual serenity at this sacred hilltop shrine.",,,Year-round,68f1c03170888f8a3ddf2efc,"State: Tripura, City: Udaipur",2025-10-19T02:20:23.532Z,2025-10-19T02:20:23.532Z
68f44ae7e7a0fc520030fd58,Tea Garden Tours,Wander through lush tea estates near Kailashahar and witness the art of tea cultivation. Learn about leaf processing and enjoy fresh tastings amid the serene landscape of Tripura’s hill plantations.,,,November to March,68e5e54021c4af9b4a754987,"State: Tripura, City: Kailashahar",2025-10-19T02:20:23.532Z,2025-10-19T02:20:23.532Z
68f44ae7e7a0fc520030fd59,Nepal Adventure Packages,"Add adrenaline to your trip with paragliding and bungee jumping experiences in Pokhara, Nepal. Departing from Gorakhpur, these tours combine Himalayan adventure with spectacular views.",,,October to May,68e5e54021c4af9b4a754986,"State: Uttar Pradesh, City: Gorakhpur",2025-10-19T02:20:23.532Z,2025-10-19T02:20:23.532Z
68f44ae7e7a0fc520030fd5a,Full-Day Ayodhya Tours,"Cover Ayodhya’s sacred landmarks in a full-day guided circuit, including major temples and ghats. Ideal for those seeking both spiritual enrichment and cultural discovery in one journey.",,,Year-round,68f1c03170888f8a3ddf2efc,"State: Uttar Pradesh, City: Ayodhya",2025-10-19T02:20:23.532Z,2025-10-19T02:20:23.532Z
68f44ae7e7a0fc520030fd5b,Full-Day Jhansi-Orchha Tours,"Discover the heritage link between Jhansi and Orchha through a full-day guided tour. Explore royal palaces, temples, and battle sites that reflect Bundelkhand’s historical grandeur.",,,October to March,68e5e54021c4af9b4a754983,"State: Uttar Pradesh, City: Jhansi",2025-10-19T02:20:23.532Z,2025-10-19T02:20:23.532Z
68f44ae7e7a0fc520030fd5c,Taj Mahal Guided Tours,"Discover the timeless beauty of the Taj Mahal with expert-guided tours that unveil its history, artistry, and love story. Explore Agra Fort and other Mughal marvels for a deeper connection with India’s architectural heritage.",,,October to March,68e5e54021c4af9b4a754986,"State: Uttar Pradesh, City: Agra",2025-10-19T02:20:23.532Z,2025-10-19T02:20:23.532Z
68f44ae7e7a0fc520030fd5d,Full-Day Private Tours,"Discover Varanasi’s timeless essence with private tours that include temple visits, boat rides, and an excursion to Sarnath. The journey offers a mix of spirituality, culture, and history in one immersive experience.",,,October to March,68f389c75b1a905ca48c898e,"State: Uttar Pradesh, City: Varanasi",2025-10-19T02:20:23.532Z,2025-10-19T02:20:23.532Z
68f44ae7e7a0fc520030fd5e,Multi-City Spiritual Packages,"Embark on an all-encompassing pilgrimage connecting Ayodhya, Varanasi, and Prayagraj. This package blends spirituality, heritage, and comfort for travelers seeking India’s most revered holy experiences.",,,October to March,68d90c36fc0c58520c6cf20d,"State: Uttar Pradesh, City: Ayodhya",2025-10-19T02:20:23.532Z,2025-10-19T02:20:23.532Z
68f44ae7e7a0fc520030fd5f,Nepal Wildlife Safari Tours,"Embark on cross-border adventures from Gorakhpur to Nepal’s Chitwan National Park. These safaris offer chances to spot rhinos, elephants, and crocodiles amid lush jungle landscapes.",,,October to April,68d90c36fc0c58520c6cf20d,"State: Uttar Pradesh, City: Gorakhpur",2025-10-19T02:20:23.532Z,2025-10-19T02:20:23.532Z
68f44ae7e7a0fc520030fd60,VIP Kumbh Experience,"Enjoy a premium Kumbh Mela experience with exclusive access to sacred rituals, Akharas, and Shahi Snan. This curated journey offers comfort and insight into one of the world’s largest spiritual gatherings.",,,January to March 2025,68f1c03170888f8a3ddf2efc,"State: Uttar Pradesh, City: Prayagraj",2025-10-19T02:20:23.532Z,2025-10-19T02:20:23.532Z
68f44ae7e7a0fc520030fd61,Full-Day Agra City Tours,"Experience Agra’s royal grandeur through a full-day guided tour covering the Taj Mahal, Agra Fort, and Baby Taj. Learn the fascinating stories behind each monument while traveling in comfort and style.",,,October to March,68e5e54021c4af9b4a754983,"State: Uttar Pradesh, City: Agra",2025-10-19T02:20:23.532Z,2025-10-19T02:20:23.532Z
68f44ae7e7a0fc520030fd62,Night Heritage Walks,"Experience Lucknow’s illuminated past with an evening stroll through Hazratganj and nearby monuments. The gentle glow of lamps, old architecture, and stories of the Nawabs bring alive the city’s cultural soul under the stars.",,,October to March,68e5e54021c4af9b4a754987,"State: Uttar Pradesh, City: Lucknow",2025-10-19T02:20:23.533Z,2025-10-19T02:20:23.533Z
68f44ae7e7a0fc520030fd63,River Rafting,"Experience the rush of white-water rafting on the Ganges near Kanpur. Guided by experts, this adventure blends excitement with scenic views, making it ideal for both beginners and thrill enthusiasts.",,,October to May,68f389c75b1a905ca48c898e,"State: Uttar Pradesh, City: Kanpur",2025-10-19T02:20:23.533Z,2025-10-19T02:20:23.533Z
68f44ae7e7a0fc520030fd64,Private Full-Day City Tours,"Explore Lucknow in comfort on a private full-day sightseeing tour covering historical landmarks, palaces, and local markets. With a knowledgeable guide, you’ll uncover the essence of the Nawabi heritage and city’s cultural richness.",,,October to March,68f389c75b1a905ca48c898e,"State: Uttar Pradesh, City: Lucknow",2025-10-19T02:20:23.533Z,2025-10-19T02:20:23.533Z
68f44ae7e7a0fc520030fd65,Ram Janmabhoomi Guided Tours,Explore the spiritual essence of Ayodhya with private guided tours of Ram Janmabhoomi and surrounding temples. Learn about the epic heritage and divine significance of Lord Rama’s birthplace.,,,October to March,68f389c75b1a905ca48c898e,"State: Uttar Pradesh, City: Ayodhya",2025-10-19T02:20:23.533Z,2025-10-19T02:20:23.533Z
68f44ae7e7a0fc520030fd66,Adventure Sports Package,"Feel the thrill in Kanpur with adventure activities like zip-lining, jet skiing, and motorboat rides. These experiences offer the perfect mix of excitement and fun along scenic river settings.",,,October to June,68d90c36fc0c58520c6cf20d,"State: Uttar Pradesh, City: Kanpur",2025-10-19T02:20:23.533Z,2025-10-19T02:20:23.533Z
68f44ae7e7a0fc520030fd67,Triveni Sangam Boat Tours,"Glide over the sacred confluence of the Ganga, Yamuna, and mythical Saraswati rivers. A serene boat ride at Triveni Sangam offers a moment of peace and spiritual connection amid ancient rituals.",,,October to March,68f389c75b1a905ca48c898e,"State: Uttar Pradesh, City: Prayagraj",2025-10-19T02:20:23.533Z,2025-10-19T02:20:23.533Z
68f44ae7e7a0fc520030fd68,Kumbh Mela Tour Packages,Immerse yourself in faith at the grand Kumbh Mela with all-inclusive spiritual packages. Witness millions of devotees taking the holy dip at Triveni Sangam in an awe-inspiring celebration of unity and devotion.,,,January to March 2025,68f1c03170888f8a3ddf2efc,"State: Uttar Pradesh, City: Prayagraj",2025-10-19T02:20:23.533Z,2025-10-19T02:20:23.533Z
68f44ae7e7a0fc520030fd69,Culinary Food Walks,"Indulge in Lucknow’s legendary Awadhi cuisine on immersive food walks featuring kebabs, biryanis, and traditional sweets. Explore local eateries and hear the stories behind each dish that define the city’s royal culinary legacy.",,,Year-round,68f1c03170888f8a3ddf2ef8,"State: Uttar Pradesh, City: Lucknow",2025-10-19T02:20:23.533Z,2025-10-19T02:20:23.533Z
68f44ae7e7a0fc520030fd6a,Spiritual Pilgrimage Packages,Join multi-day spiritual circuits exploring sacred temples and ghats of Mathura and Vrindavan. These packages blend comfortable stays with deeply spiritual experiences in India’s heartland of devotion.,,,Year-round,68e5e54021c4af9b4a754987,"State: Uttar Pradesh, City: Mathura-Vrindavan",2025-10-19T02:20:23.533Z,2025-10-19T02:20:23.533Z
68f44ae7e7a0fc520030fd6b,Meditation Retreat Packages,Recenter yourself through meditation retreats in Kushinagar’s tranquil surroundings. These programs include guided mindfulness sessions and stays at serene Buddhist centers for true rejuvenation.,,,Year-round,68e5e54021c4af9b4a754987,"State: Uttar Pradesh, City: Kushinagar",2025-10-19T02:20:23.533Z,2025-10-19T02:20:23.533Z
68f44ae7e7a0fc520030fd6c,Spiritual Yoga Packages,Rejuvenate body and soul with yoga sessions by the Ganges. These guided programs often include serene boat rides and sunrise meditations that connect you deeply with Varanasi’s spiritual energy.,,,October to April,68f1c03170888f8a3ddf2efc,"State: Uttar Pradesh, City: Varanasi",2025-10-19T02:20:23.533Z,2025-10-19T02:20:23.533Z
68f44ae7e7a0fc520030fd6d,Ganges Boat Rides,"Sail along the sacred Ganges River at sunrise or during the evening Aarti. The soft chants, temple bells, and glowing diyas create an unforgettable spiritual experience in India’s holiest city.",,,October to March,68f389c75b1a905ca48c898e,"State: Uttar Pradesh, City: Varanasi",2025-10-19T02:20:23.533Z,2025-10-19T02:20:23.533Z
68f44ae7e7a0fc520030fd6e,Skip-the-Line Taj Tours,Save time with fast-track entry to the Taj Mahal and explore its white marble splendor with a professional guide. Perfect for travelers who want a seamless and enriching experience of Agra’s iconic wonder.,,,October to March,68d90c36fc0c58520c6cf20d,"State: Uttar Pradesh, City: Agra",2025-10-19T02:20:23.533Z,2025-10-19T02:20:23.533Z
68f44ae7e7a0fc520030fd6f,Blue World Theme Park,"Spend a day at Blue World, a sprawling amusement park featuring water slides, adventure rides, and family attractions. It’s a refreshing escape for thrill-seekers and leisure travelers alike.",,,Year-round,68f389c75b1a905ca48c898e,"State: Uttar Pradesh, City: Kanpur",2025-10-19T02:20:23.533Z,2025-10-19T02:20:23.533Z
68f44ae7e7a0fc520030fd70,Heritage Temple Tours,"Step into the divine world of Lord Krishna with guided temple tours of Mathura and Vrindavan. From Krishna Janmabhoomi to Banke Bihari Temple, experience centuries of devotion and vibrant spiritual traditions.",,,October to March,68f1c03170888f8a3ddf2efc,"State: Uttar Pradesh, City: Mathura-Vrindavan",2025-10-19T02:20:23.533Z,2025-10-19T02:20:23.533Z
68f44ae7e7a0fc520030fd71,Heritage Walking Tours,"Stroll through Lucknow’s old quarters on guided walks that reveal the grandeur of Bara Imambara, Rumi Darwaza, and the bustling Chowk Bazaar. These tours blend Mughal elegance, Nawabi charm, and timeless street life for an unforgettable heritage experience.",,,October to March,68e5e54021c4af9b4a754983,"State: Uttar Pradesh, City: Lucknow",2025-10-19T02:20:23.533Z,2025-10-19T02:20:23.533Z
68f44ae7e7a0fc520030fd72,Buddhist Heritage Tours,"Trace the footsteps of Buddha on guided tours of Kushinagar’s sacred sites. From stupas to monasteries, these journeys offer spiritual insight and deep connection to Buddhist history.",,,October to March,68f1c03170888f8a3ddf2efc,"State: Uttar Pradesh, City: Kushinagar",2025-10-19T02:20:23.533Z,2025-10-19T02:20:23.533Z
68f44ae7e7a0fc520030fd73,Heritage Fort Walking Tours,Walk through Jhansi Fort and Rani Mahal with expert guides who narrate tales of valor and history. Explore centuries-old architecture that celebrates the spirit of Rani Lakshmibai and Bundelkhand heritage.,,,October to March,68e5e54021c4af9b4a754983,"State: Uttar Pradesh, City: Jhansi",2025-10-19T02:20:23.533Z,2025-10-19T02:20:23.533Z
68f44ae7e7a0fc520030fd74,Sunrise Taj Mahal Tours,Witness the Taj Mahal at dawn when its marble glows with the soft hues of sunrise. These tours are a photographer’s dream and an emotional encounter with one of the world’s most admired monuments.,,,October to March,68d90c36fc0c58520c6cf20d,"State: Uttar Pradesh, City: Agra",2025-10-19T02:20:23.533Z,2025-10-19T02:20:23.533Z
68f44ae7e7a0fc520030fd75,Rock Climbing and Ziplining,"Challenge yourself with rock climbing or ziplining adventures around Rishikesh. Whether scaling natural cliffs or gliding through treetops, these activities promise a perfect mix of excitement and scenic Himalayan beauty.",,,Year-round except July–August,68d90c36fc0c58520c6cf20d,"State: Uttarakhand, City: Rishikesh",2025-10-19T02:20:23.533Z,2025-10-19T02:20:23.533Z
68f44ae7e7a0fc520030fd76,Robber's Cave Entry,"Discover Dehradun’s famous natural wonder—Robber’s Cave, where a cool stream flows mysteriously through a narrow limestone passage. Walk barefoot through the shallow waters, explore hidden corners, and enjoy this unique geological marvel that feels both serene and adventurous.",,,"March–June, September–November",68e5e54021c4af9b4a754987,"State: Uttarakhand, City: Dehradun",2025-10-19T02:20:23.533Z,2025-10-19T02:20:23.533Z
68f44ae7e7a0fc520030fd77,Guided Jungle Safari (Rajaji National Park),"Embark on a thrilling jeep safari through Rajaji National Park, spanning the Dehradun–Haridwar belt. Spot elephants, leopards, and diverse birdlife in their natural habitat while exploring dense sal forests and grasslands with expert naturalist guides.",,,November–June,68e5e54021c4af9b4a754987,"State: Uttarakhand, City: Dehradun",2025-10-19T02:20:23.533Z,2025-10-19T02:20:23.533Z
68f44ae7e7a0fc520030fd78,Safari at Corbett Tiger Reserve,"Embark on an exhilarating wildlife safari in Jim Corbett National Park, accessible from Haldwani and Ramnagar. Traverse dense forests to spot tigers, elephants, and exotic birds while soaking in the unspoiled wilderness of India’s oldest national park.",,,November–June,68f389c75b1a905ca48c898e,"State: Uttarakhand, City: Haldwani",2025-10-19T02:20:23.533Z,2025-10-19T02:20:23.533Z
68f44ae7e7a0fc520030fd79,Kempty Falls Swimming & Boating,"Enjoy a refreshing dip or a fun ropeway ride at the iconic Kempty Falls near Mussoorie. The cascading waters, misty surroundings, and playful pools make it an ideal spot for families and adventure lovers alike.",,,"April–June, September–November",68e5e54021c4af9b4a754987,"State: Uttarakhand, City: Mussoorie",2025-10-19T02:20:23.533Z,2025-10-19T02:20:23.533Z
68f44ae7e7a0fc520030fd7a,Jungle Camping,"Escape into the wilderness with overnight jungle camping in Lansdowne. Surrounded by pine forests and starry skies, enjoy bonfires, storytelling, and the tranquil rhythm of nature in this serene Himalayan getaway.",,,"March–June, September–November",68d90c36fc0c58520c6cf20d,"State: Uttarakhand, City: Lansdowne",2025-10-19T02:20:23.534Z,2025-10-19T02:20:23.534Z
68f44ae7e7a0fc520030fd7b,Paragliding,"Experience the thrill of soaring above Dehradun’s lush valleys with tandem paragliding. Feel the rush of wind as you glide past rolling hills and scenic landscapes, capturing breathtaking aerial views of the Doon Valley and the Shivalik ranges. It’s an unforgettable adventure for thrill-seekers and nature lovers alike.",,,October–June,68d90c36fc0c58520c6cf20d,"State: Uttarakhand, City: Dehradun",2025-10-19T02:20:23.534Z,2025-10-19T02:20:23.534Z
68f44ae7e7a0fc520030fd7c,Guided Trekking and Camping,"Explore Almora’s scenic trails with guided treks and camping experiences that combine adventure with tranquility. Enjoy starry nights, bonfires, and panoramic Himalayan views while camping amidst pristine pine forests and meadows.",,,"April–June, September–November",68d90c36fc0c58520c6cf20d,"State: Uttarakhand, City: Almora",2025-10-19T02:20:23.534Z,2025-10-19T02:20:23.534Z
68f44ae7e7a0fc520030fd7d,Cycling or ATV Rental,"Explore Nainital’s scenic roads and forest trails on a rented bicycle or ATV. Ride through pine-scented routes at your own pace, enjoying the crisp mountain breeze and breathtaking views along the way.",,,Year-round except monsoon,68d90c36fc0c58520c6cf20d,"State: Uttarakhand, City: Nainital",2025-10-19T02:20:23.534Z,2025-10-19T02:20:23.534Z
68f44ae7e7a0fc520030fd7e,Heritage Walk Guided Tour,"Explore the spiritual charm of Haridwar through a guided heritage walk. Wander through ancient ghats, temples, and narrow lanes while learning about local traditions and the city’s sacred connection to the Ganges.",,,Year-round,68e5e54021c4af9b4a754983,"State: Uttarakhand, City: Haridwar",2025-10-19T02:20:23.534Z,2025-10-19T02:20:23.534Z
68f44ae7e7a0fc520030fd7f,Nainital Ropeway,Glide above Nainital in a ropeway cabin to Snow View Point for panoramic vistas of snow-dusted Himalayan peaks and the emerald Naini Lake below—a breathtaking experience ideal for families and photographers.,,,Year-round except monsoon,68f1c03170888f8a3ddf2efc,"State: Uttarakhand, City: Nainital",2025-10-19T02:20:23.534Z,2025-10-19T02:20:23.534Z
68f44ae7e7a0fc520030fd80,Snow Sports in Auli,"Glide down the powdery slopes of Auli near Joshimath with skiing or snowboarding adventures. Whether you’re a beginner or an expert, the stunning Himalayan backdrop and professional instructors ensure an unforgettable winter experience.",,,December–March,68d90c36fc0c58520c6cf20d,"State: Uttarakhand, City: Joshimath",2025-10-19T02:20:23.534Z,2025-10-19T02:20:23.534Z
68f44ae7e7a0fc520030fd81,Guided Bird Watching at Binsar,"Join an expert-led bird watching tour in Binsar Wildlife Sanctuary near Almora. Spot colorful Himalayan species like monals and woodpeckers amidst tranquil oak forests, making it a paradise for nature photographers and bird enthusiasts.",,,November–April,68e5e54021c4af9b4a754987,"State: Uttarakhand, City: Almora",2025-10-19T02:20:23.534Z,2025-10-19T02:20:23.534Z
68f44ae7e7a0fc520030fd82,River Rafting,"Paddle through the white waters of the Ganga in Rishikesh, the adventure capital of India. Choose from different stretches suited to your thrill level and enjoy the perfect blend of adrenaline, scenic riverbanks, and serene Himalayan backdrops.",,,September–June,68d90c36fc0c58520c6cf20d,"State: Uttarakhand, City: Rishikesh",2025-10-19T02:20:23.534Z,2025-10-19T02:20:23.534Z
68f44ae7e7a0fc520030fd83,Yoga and Meditation Retreats,"Rejuvenate your mind and body at Rishikesh’s renowned yoga and meditation retreats. Enjoy peaceful riverfront settings, daily guided sessions, and wholesome meals that help you reconnect with yourself in the spiritual heart of the Himalayas.",,,Year-round,68f1c03170888f8a3ddf2efc,"State: Uttarakhand, City: Rishikesh",2025-10-19T02:20:23.534Z,2025-10-19T02:20:23.534Z
68f44ae7e7a0fc520030fd84,Ropeway to Surkanda Devi Temple,"Ride an aerial ropeway to the sacred Surkanda Devi Temple near Tehri, offering stunning mountain views and spiritual tranquility. The journey combines faith and adventure, rewarding visitors with breathtaking Himalayan panoramas.",,,"March–June, September–November",68f389c75b1a905ca48c898e,"State: Uttarakhand, City: Tehri",2025-10-19T02:20:23.534Z,2025-10-19T02:20:23.534Z
68f44ae7e7a0fc520030fd85,Boating at Naini Lake,"Sail across the shimmering waters of Naini Lake, surrounded by misty hills and colonial charm. Choose from paddle, row, or yachting boats and soak in the tranquil beauty of Nainital’s most iconic attraction.",,,"March–June, October–November",68f389c75b1a905ca48c898e,"State: Uttarakhand, City: Nainital",2025-10-19T02:20:23.534Z,2025-10-19T02:20:23.534Z
68f44ae7e7a0fc520030fd86,Flying Fox Zipline,"Soar across the Ganga valley on a thrilling zipline adventure in Rishikesh. Harnessed securely, glide over the river with panoramic views of lush forests and mountain cliffs, combining excitement with breathtaking natural beauty.",,,October–June,68d90c36fc0c58520c6cf20d,"State: Uttarakhand, City: Rishikesh",2025-10-19T02:20:23.534Z,2025-10-19T02:20:23.534Z
68f44ae7e7a0fc520030fd87,Eco Park Entry (Dhanaulti),"Spend a peaceful day at Dhanaulti’s Eco Park near Mussoorie, surrounded by deodar trees and crisp mountain air. Enjoy nature trails, viewpoints, and light adventure activities that make it perfect for families and couples alike.",,,"March–June, September–November",68e5e54021c4af9b4a754987,"State: Uttarakhand, City: Mussoorie",2025-10-19T02:20:23.534Z,2025-10-19T02:20:23.534Z
68f44ae7e7a0fc520030fd88,Eco Cave Gardens Entry,"Step into a network of natural rock caves and tunnels at Nainital’s Eco Cave Gardens. Ideal for families and adventure seekers, this attraction offers a fun blend of exploration, natural beauty, and a glimpse into wildlife habitats.",,,"March–June, September–November",68e5e54021c4af9b4a754987,"State: Uttarakhand, City: Nainital",2025-10-19T02:20:23.534Z,2025-10-19T02:20:23.534Z
68f44ae7e7a0fc520030fd89,Tea Garden Tour,"Take a guided tour through the serene tea gardens of Kumaon near Almora. Learn about tea cultivation, enjoy the fresh aroma of leaves, and sip on locally brewed tea while surrounded by rolling green hills.",,,"April–June, September–November",68f389c75b1a905ca48c898e,"State: Uttarakhand, City: Almora",2025-10-19T02:20:23.534Z,2025-10-19T02:20:23.534Z
68f44ae7e7a0fc520030fd8a,Bungee Jumping,Take a leap of faith from an 83-meter platform overlooking the Ganges valley in Rishikesh. This heart-pounding experience offers unmatched exhilaration as you plunge into breathtaking views surrounded by forested hills and river vistas.,,,"January–May, September–December",68d90c36fc0c58520c6cf20d,"State: Uttarakhand, City: Rishikesh",2025-10-19T02:20:23.534Z,2025-10-19T02:20:23.534Z
68f44ae7e7a0fc520030fd8b,Cable Car Ride to Gun Hill,"Take a scenic ropeway ride to Gun Hill, Mussoorie’s second-highest peak. Enjoy sweeping views of the Doon Valley and snow-clad Himalayan ranges, making it a must-do for photographers and nature enthusiasts.",,,Year-round except monsoon,68f389c75b1a905ca48c898e,"State: Uttarakhand, City: Mussoorie",2025-10-19T02:20:23.534Z,2025-10-19T02:20:23.534Z
68f44ae7e7a0fc520030fd8c,Hot Water Bath at Sahastradhara,"Unwind at Sahastradhara’s mineral-rich hot springs, known for their therapeutic properties and stunning hillside surroundings. Enjoy a soothing dip in private pools while surrounded by tranquil scenery, making it a rejuvenating retreat for visitors seeking relaxation in Dehradun.",,,Year-round,68f389ff5b1a905ca48c898f,"State: Uttarakhand, City: Dehradun",2025-10-19T02:20:23.534Z,2025-10-19T02:20:23.534Z
68f44ae7e7a0fc520030fd8d,Water Sports Combo,"Add adventure to your beach holiday in Digha with a variety of water sports. From jet skiing and speed boating to parasailing, enjoy the thrill of sea breeze and splashing waves against a golden coastline.",,,October–May,68d90c36fc0c58520c6cf20d,"State: West Bengal, City: Digha",2025-10-19T02:20:23.534Z,2025-10-19T02:20:23.534Z
68f44ae7e7a0fc520030fd8e,Terracotta Temple Tours,"Admire the exquisite terracotta temples of Bishnupur on a guided cultural tour. Marvel at intricate carvings, discover local legends, and witness Bengal’s unique temple art blending devotion with craftsmanship.",,,October–March,68d90c36fc0c58520c6cf20d,"State: West Bengal, City: Bishnupur",2025-10-19T02:20:23.534Z,2025-10-19T02:20:23.534Z
68f44ae7e7a0fc520030fd8f,Toy Train Jungle Safari,Board a special Toy Train safari from Siliguri for a scenic ride through lush forests and tea gardens. Experience the charm of vintage travel and enjoy glimpses of wildlife and mountain vistas along the way.,,,December–May,68e5e54021c4af9b4a754987,"State: West Bengal, City: Siliguri",2025-10-19T02:20:23.534Z,2025-10-19T02:20:23.534Z
68f44ae7e7a0fc520030fd90,River Rafting,Brace yourself for an exciting white-water rafting expedition on the Teesta or Rangeet rivers near Kalimpong. Navigate through gushing rapids surrounded by emerald valleys and pristine mountain landscapes.,,,October–May,68d90c36fc0c58520c6cf20d,"State: West Bengal, City: Kalimpong",2025-10-19T02:20:23.534Z,2025-10-19T02:20:23.534Z
68f44ae7e7a0fc520030fd91,Tiger Safari Boat Tours,"Cruise deep into the Sundarbans mangrove delta on a multi-day boat safari in search of the elusive Royal Bengal Tiger. Glide past creeks, watchtowers, and lush islands while witnessing crocodiles, birds, and breathtaking sunsets over the water.",,,October–March,68e5e54021c4af9b4a754987,"State: West Bengal, City: Sundarbans",2025-10-19T02:20:23.534Z,2025-10-19T02:20:23.534Z
68f44ae7e7a0fc520030fd92,Private Full-Day City Tours,"Discover Kolkata’s highlights with a private full-day guided tour. Travel comfortably by car to iconic sites like Victoria Memorial, Marble Palace, and Kalighat Temple while learning about the city’s rich blend of history, culture, and spirituality.",,,October–March,68f389c75b1a905ca48c898e,"State: West Bengal, City: Kolkata",2025-10-19T02:20:23.535Z,2025-10-19T02:20:23.535Z
68f44ae7e7a0fc520030fd93,Baluchari Silk Weaving Tours,"Discover the artistry behind Bengal’s famed Baluchari silk on an immersive weaving tour. Watch skilled artisans at work, learn about traditional motifs, and appreciate centuries-old craftsmanship that defines Bishnupur’s textile legacy.",,,Year-round,68e5e54021c4af9b4a754986,"State: West Bengal, City: Bishnupur",2025-10-19T02:20:23.535Z,2025-10-19T02:20:23.535Z
68f44ae7e7a0fc520030fd94,Trekking Packages,"Embark on guided treks through Kalimpong’s Neora Valley, where dense forests meet panoramic Himalayan views. Discover hidden waterfalls, diverse flora, and the serenity of remote mountain trails on a multi-day adventure.",,,October–April,68d90c36fc0c58520c6cf20d,"State: West Bengal, City: Kalimpong",2025-10-19T02:20:23.535Z,2025-10-19T02:20:23.535Z
68f44ae7e7a0fc520030fd95,Hooghly River Evening Cruise,"Enjoy a serene evening cruise on the Hooghly River, drifting past illuminated ghats and colonial landmarks. Watch the city skyline sparkle as you sail under the iconic Howrah Bridge, soaking in the romance and nostalgia of old-world Kolkata from the water.",,,Year-round,68e5e54021c4af9b4a754987,"State: West Bengal, City: Kolkata",2025-10-19T02:20:23.535Z,2025-10-19T02:20:23.535Z
68f44ae7e7a0fc520030fd96,Heritage Walking Tours,"Explore Kolkata’s colonial charm on guided heritage walks through grand architecture, narrow alleys, and bustling bazaars. Discover stories of the British Raj, cultural evolution, and timeless landmarks that reveal the city’s soul through its art, history, and living traditions.",,,October–March,68e5e54021c4af9b4a754983,"State: West Bengal, City: Kolkata",2025-10-19T02:20:23.535Z,2025-10-19T02:20:23.535Z
68f44ae7e7a0fc520030fd97,Parasailing,"Fly high over the Bay of Bengal with an exhilarating parasailing experience in Digha. Feel the ocean wind as you rise above turquoise waters, capturing stunning panoramic views of the beach below.",,,Avoid monsoon,68d90c36fc0c58520c6cf20d,"State: West Bengal, City: Digha",2025-10-19T02:20:23.535Z,2025-10-19T02:20:23.535Z
68f44ae7e7a0fc520030fd98,Darjeeling Ropeway,Glide over emerald valleys and tea estates on the Darjeeling Ropeway. The cable car offers panoramic views of the snow-clad Kanchenjunga and the meandering Rangeet River—an unforgettable way to see the Himalayas from above.,,,Avoid monsoon,68d90c36fc0c58520c6cf20d,"State: West Bengal, City: Darjeeling",2025-10-19T02:20:23.535Z,2025-10-19T02:20:23.535Z
68f44ae7e7a0fc520030fd99,Cultural Workshop Tours,"Immerse yourself in Bengal’s creative soul through hands-on art and craft workshops in Shantiniketan. Learn from local artisans as you create pottery, batik, or traditional paintings inspired by Tagore’s artistic vision.",,,Year-round,68e5e54021c4af9b4a754986,"State: West Bengal, City: Shantiniketan",2025-10-19T02:20:23.535Z,2025-10-19T02:20:23.535Z
68f44ae7e7a0fc520030fd9a,Food Tours,"Indulge in Kolkata’s legendary flavors on a guided food walk through its bustling streets. Sample authentic Bengali sweets, savory snacks, and age-old recipes as you explore local eateries and experience the city’s culinary heritage up close.",,,October–March,68f1c03170888f8a3ddf2ef8,"State: West Bengal, City: Kolkata",2025-10-19T02:20:23.535Z,2025-10-19T02:20:23.535Z
68f44ae7e7a0fc520030fd9b,Mountain Biking,"Pedal through Kalimpong’s scenic trails on an adventurous mountain biking tour. Ride past monasteries, forests, and quaint hamlets while experiencing the charm and challenge of the Himalayan foothills.",,,October–June,68d90c36fc0c58520c6cf20d,"State: West Bengal, City: Kalimpong",2025-10-19T02:20:23.535Z,2025-10-19T02:20:23.535Z
68f44ae7e7a0fc520030fd9c,Tram Heritage Tours,Relive history aboard Kolkata’s century-old trams on a heritage ride through vintage neighborhoods. The slow-paced journey offers a nostalgic glimpse into India’s only surviving tram network and the stories that shaped the City of Joy.,,,Year-round,68e5e54021c4af9b4a754983,"State: West Bengal, City: Kolkata",2025-10-19T02:20:23.535Z,2025-10-19T02:20:23.535Z
68f44ae7e7a0fc520030fd9d,Toy Train Joy Rides,"Ride the famous Darjeeling Himalayan Railway, a UNESCO World Heritage marvel, as it chugs through misty hills and charming tea gardens. The short journey to Ghum offers breathtaking views and a nostalgic experience of vintage rail travel.",,,October–June,68f389c75b1a905ca48c898e,"State: West Bengal, City: Darjeeling",2025-10-19T02:20:23.535Z,2025-10-19T02:20:23.535Z
68f44ae7e7a0fc520030fd9e,Heritage River Cruises,"Set sail on a luxurious river cruise from Howrah along the Hooghly River. Enjoy fine meals, colonial architecture, and riverside serenity as you float past historic landmarks and picturesque landscapes of Bengal.",,,October–March,68e5e54021c4af9b4a754983,"State: West Bengal, City: Howrah",2025-10-19T02:20:23.535Z,2025-10-19T02:20:23.535Z
68f44ae7e7a0fc520030fd9f,Day Safari Tours,"Set sail on a thrilling day-long boat safari through the Sundarbans’ dense mangrove forests. Spot exotic wildlife, visit forest watchtowers, and experience the raw beauty of India’s largest delta ecosystem in a single unforgettable day.",,,November–February,68e5e54021c4af9b4a754987,"State: West Bengal, City: Sundarbans",2025-10-19T02:20:23.535Z,2025-10-19T02:20:23.535Z
68f44ae7e7a0fc520030fda0,Paragliding,"Soar over the rolling hills of Kalimpong with tandem paragliding. Enjoy sweeping views of the Himalayas, Teesta Valley, and charming hill villages as you float gracefully through crisp mountain air.",,,October–May,68d90c36fc0c58520c6cf20d,"State: West Bengal, City: Kalimpong",2025-10-19T02:20:23.535Z,2025-10-19T02:20:23.535Z
68f44ae7e7a0fc520030fda1,Jet Skiing,"Speed through Digha’s sparkling shoreline on a high-powered jet ski. Whether you’re chasing adrenaline or coastal views, this quick yet thrilling ride guarantees an unforgettable splash of adventure.",,,October–June,68d90c36fc0c58520c6cf20d,"State: West Bengal, City: Digha",2025-10-19T02:20:23.535Z,2025-10-19T02:20:23.535Z
68f44ae7e7a0fc520030fda2,Historical Palace Tours,"Step into the grandeur of Bengal’s Nawabi era with guided palace tours in Murshidabad. Explore Hazarduari Palace, Imambara, and historic mansions that echo tales of opulence, art, and royal heritage.",,,October–March,68e5e54021c4af9b4a754983,"State: West Bengal, City: Murshidabad",2025-10-19T02:20:23.535Z,2025-10-19T02:20:23.535Z
68f44ae7e7a0fc520030fda3,Battle of Plassey Tours,Visit the legendary battlefield of Plassey with expert guides who bring history to life. Explore monuments and memorials that recount the turning point of India’s colonial past in a thought-provoking journey.,,,October–March,68e5e54021c4af9b4a754983,"State: West Bengal, City: Murshidabad",2025-10-19T02:20:23.535Z,2025-10-19T02:20:23.535Z
68f44ae7e7a0fc520030fda4,Tagore Heritage Tours,"Walk through the legacy of Rabindranath Tagore on a guided heritage tour of Shantiniketan. Explore Visva-Bharati University, art galleries, and museums that celebrate Bengal’s artistic and intellectual renaissance.",,,October–March,68e5e54021c4af9b4a754987,"State: West Bengal, City: Shantiniketan",2025-10-19T02:20:23.536Z,2025-10-19T02:20:23.536Z
68f44ae7e7a0fc520030fda5,Tea Garden Tours,"Walk through the lush tea estates of Darjeeling on a guided tour that showcases the art of tea-making. Learn about plucking, processing, and savoring the world-famous brew while soaking in serene Himalayan scenery.",,,March–November,68e5e54021c4af9b4a754987,"State: West Bengal, City: Darjeeling",2025-10-19T02:20:23.536Z,2025-10-19T02:20:23.536Z
